Workbook
Name Perf_Criterion_F.2.2.2_Performance_criteria: #REF!
Name Perf_Criterion_J.2.1_General: #REF!
Name Table_23: #REF!
Name Table_J.1: #REF!
Name Table_J.3: #REF!

Sheet Readme
A2: 1 | B2: This sheet is used to identify the field name list in following three Database
B3: TABLES_SAPMaxDB | C3: Database for Cadence (Old)
B4: TABLES_PostgreSQLDB | C4: New Database with "_l2u" suffix Table Name
B5: TABLES_AccessDB | C5: Database for Altium Designer in China (Old)
A6: 2 | B6: This workbook include following sheets (Which name by AccessDB Table Names)
C7: 01-Capacitors
C8: 02-Resistors
C9: 03-Varistors
C10: 04-Transistors
C11: 05-Diodes
C12: 06-ICs_digital
C13: 07-Memory
C14: 08-ICs_analog
C15: 09-Regulators
C16: 10-Converters
C17: 11-OP_Amps
C18: 12-Magnetics
... C31: 98-Shapes
A32: 3 | B32: In each sheet clarify the field name list for each Database and the mapping relationship.
B33: Row 1 | C33: Database Name (ref item 1)
B34: Row 2 | C34: Table Name of each Database
B35: Row 3 and others | C35: Field Name of each DB/Table
B37: Column D | C37: Check if the field name in the "TABLES_SAPMaxDB" and the "TABLES_PostgreSQLDB" are the same
C38: Result shown that the fied name are the same for above two DB, So the new "VIEW" tables for Cadence no need to change the field names.
B39: Column F | C39: Check if the field name in the "TABLES_AccessDB" and the "TABLES_PostgreSQLDB" are the same
C40: Result shown that mass different in between.
B41: Todo:
B42: a) | C42: Column B and Column E are the Tables to be created, field name mapping to the New PostgreDB is provided.
C43: Column B: for Cadence (CDS_CIS)
C44: Column E: for Altium Designer (AD)
A46: 4 | B46: In sheet "TableName_Mapping",field name mapping for three DB are listed.

Sheet TableName_Mapping
A1: Mapping
B2: New | C2: Altium CN(old) | D2: Cadence(CDS_CIS,old)
B3: TABLES_PostgreSQLDB | C3: TABLES_AccessDB | D3: TABLES_SAPMaxDB | E3: AD in used | G3: Old Table in Access | H3: in used in AD now | I3: Available in new DB?
B4: capacitors_l2u | C4: 01-Capacitors | D4: CAPACITORS | E4: =VLOOKUP(C4,G:H,2,FALSE) -> Y | G4: 01-Capacitors | H4: Y | I4: Y
B5: resistors_l2u | C5: 02-Resistors | D5: RESISTORS | E5: =VLOOKUP(C5,G:H,2,FALSE) -> Y | G5: 02-Resistors | H5: Y | I5: Y
B6: varistors_l2u | C6: 03-Varistors | D6: VARISTORS | E6: =VLOOKUP(C6,G:H,2,FALSE) -> Y | G6: 02-Resistors_Series | H6: N | I6: N
B7: transistors_l2u | C7: 04-Transistors | D7: TRANSISTORS | E7: =VLOOKUP(C7,G:H,2,FALSE) -> Y | G7: 03-Varistors | H7: Y | I7: Y
B8: diodes_l2u | C8: 05-Diodes | D8: DIODES | E8: =VLOOKUP(C8,G:H,2,FALSE) -> Y | G8: 04-Transistors | H8: Y | I8: Y
B9: ics_digital_l2u | C9: 06-ICs_digital | D9: ICS_DIGITAL | E9: =VLOOKUP(C9,G:H,2,FALSE) -> Y | G9: 05-Diodes | H9: Y | I9: Y
B10: memory_l2u | C10: 07-Memory | D10: MEMORY | E10: =VLOOKUP(C10,G:H,2,FALSE) -> Y | G10: 06-ICs_digital | H10: Y | I10: Y
B11: ics_analog_l2u | C11: 08-ICs_analog | D11: ICS_ANALOG | E11: =VLOOKUP(C11,G:H,2,FALSE) -> Y | G11: 07-Memory | H11: Y | I11: Y
B12: regulators_l2u | C12: 09-Regulators | D12: REGULATORS | E12: =VLOOKUP(C12,G:H,2,FALSE) -> Y | G12: 08-ICs_analog | H12: Y | I12: Y
B13: converters_l2u | C13: 10-Converters | D13: CONVERTERS | E13: =VLOOKUP(C13,G:H,2,FALSE) -> Y | G13: 09-Regulators | H13: Y | I13: Y
B14: op_amps_l2u | C14: 11-OP_Amps | D14: OP_AMPS | E14: =VLOOKUP(C14,G:H,2,FALSE) -> Y | G14: 10-Converters | H14: Y | I14: Y
B15: magnetics_l2u | C15: 12-Magnetics | D15: MAGNETICS | E15: =VLOOKUP(C15,G:H,2,FALSE) -> Y | G15: 11-OP_Amps | H15: Y | I15: Y
... B28: shapes_l2u | C28: 98-Shapes | D28: SHAPES | E28: =VLOOKUP(C28,G:H,2,FALSE) -> Y | G28: 24-Software | H28: N | I28: Y
B29: tmpprts_l2u | D29: TMPPRTS | F29: tmpprts stands for temporary parts. But as I look into the database, this database is not being used. The last entry in this database has been made in 2018 | G29: 90-Titleblock | H29: N | I29: Y
G30: 98-Shapes | H30: Y | I30: Y
G31: 99-MechPartsMAP | H31: N | I31: N

Sheet 01-Capacitors
A1: DB Name | B1: TABLES_SAPMaxDB | C1: TABLES_PostgreSQLDB | E1: TABLES_AccessDB
A2: Table Name | B2: CAPACITORS | C2: capacitors_l2u | D2: B=C? | E2: [01-Capacitors] | F2: C=E? | H2: No | I2: AccessDB left | J2: Comment
A3: Field List | B3: ad_alt_footprint | C3: ad_alt_footprint | D3: =IF(B3=C3,"Y","N") -> Y | E3: ad_alt_footprint | F3: =IF(C3=E3,"Y","N") -> Y | H3: 1 | I3: alt_symbols_cp | J3: Empty
B4: ad_footprint | C4: ad_footprint | D4: =IF(B4=C4,"Y","N") -> Y | E4: ad_footprint | F4: =IF(C4=E4,"Y","N") -> Y | H4: 2 | I4: bqr_partnum_mil | J4: Empty
B5: ad_symbol | C5: ad_symbol | D5: =IF(B5=C5,"Y","N") -> Y | E5: ad_symbol | F5: =IF(C5=E5,"Y","N") -> Y | H5: 3 | I5: bqr_partnum_sie | J5: Empty
B6: alt_symbols | C6: alt_symbols | D6: =IF(B6=C6,"Y","N") -> Y | E6: alt_symbols | F6: =IF(C6=E6,"Y","N") -> Y | H6: 4 | I6: class | J6: some with "DISCRETE" value
B7: annualconsumption | C7: annualconsumption | D7: =IF(B7=C7,"Y","N") -> Y | E7: annualconsumption | F7: =IF(C7=E7,"Y","N") -> Y | H7: 5 | I7: compmaterial | J7: Empty
B8: approvals_of_part | C8: approvals_of_part | D8: =IF(B8=C8,"Y","N") -> Y | E8: approvals of part | F8: =IF(C8=E8,"Y","N") -> N | H8: 6 | I8: comptype | J8: Empty
B9: approvals_required | C9: approvals_required | D9: =IF(B9=C9,"Y","N") -> Y | E9: approvals required | F9: =IF(C9=E9,"Y","N") -> N | H9: 7 | I9: further_information | J9: Empty
B10: capvoltage | C10: capvoltage | D10: =IF(B10=C10,"Y","N") -> Y | E10: capvoltage | F10: =IF(C10=E10,"Y","N") -> Y | H10: 8 | I10: mechmodell | J10: Empty
B11: datasheet_1 | C11: datasheet_1 | D11: =IF(B11=C11,"Y","N") -> Y | E11: datasheet 1 | F11: =IF(C11=E11,"Y","N") -> N | H11: 9 | I11: parthistory | J11: Empty
B12: datasheet_2 | C12: datasheet_2 | D12: =IF(B12=C12,"Y","N") -> Y | E12: datasheet 2 | F12: =IF(C12=E12,"Y","N") -> N | H12: 10 | I12: pcb_footprint_cp | J12: Empty
B13: datasheet_3 | C13: datasheet_3 | D13: =IF(B13=C13,"Y","N") -> Y | E13: datasheet 3 | F13: =IF(C13=E13,"Y","N") -> N | H13: 11 | I13: pspicetemp | J13: Empty
B14: datasheet_4 | C14: datasheet_4 | D14: =IF(B14=C14,"Y","N") -> Y | E14: datasheet 4 | F14: =IF(C14=E14,"Y","N") -> N | H14: 12 | I14: restrictedsubstances | J14: Empty
B15: datasheet_5 | C15: datasheet_5 | D15: =IF(B15=C15,"Y","N") -> Y | E15: datasheet 5 | F15: =IF(C15=E15,"Y","N") -> N | H15: 13 | I15: rohs_china | J15: Empty
... B24: free_comment | C24: free_comment | D24: =IF(B24=C24,"Y","N") -> Y | E24: free_comment | F24: =IF(C24=E24,"Y","N") -> Y | H24: 22 | I24: activepartsid | J24: Empty
B25: height | C25: height | D25: =IF(B25=C25,"Y","N") -> Y | E25: height | F25: =IF(C25=E25,"Y","N") -> Y
B26: id | C26: id | D26: =IF(B26=C26,"Y","N") -> Y | F26: =IF(C26=E26,"Y","N") -> N | G26: Should use "id" for new Table
B27: implementation | C27: implementation | D27: =IF(B27=C27,"Y","N") -> Y | E27: implementation | F27: =IF(C27=E27,"Y","N") -> Y
B28: in_approved_devices | C28: in_approved_devices | D28: =IF(B28=C28,"Y","N") -> Y | E28: in approved devices | F28: =IF(C28=E28,"Y","N") -> N
B29: manufact_1 | C29: manufact_1 | D29: =IF(B29=C29,"Y","N") -> Y | E29: manufact 1 | F29: =IF(C29=E29,"Y","N") -> N
B30: manufact_2 | C30: manufact_2 | D30: =IF(B30=C30,"Y","N") -> Y | E30: manufact 2 | F30: =IF(C30=E30,"Y","N") -> N
B31: manufact_3 | C31: manufact_3 | D31: =IF(B31=C31,"Y","N") -> Y | E31: manufact 3 | F31: =IF(C31=E31,"Y","N") -> N
B32: manufact_4 | C32: manufact_4 | D32: =IF(B32=C32,"Y","N") -> Y | E32: manufact 4 | F32: =IF(C32=E32,"Y","N") -> N
B33: manufact_5 | C33: manufact_5 | D33: =IF(B33=C33,"Y","N") -> Y | E33: manufact 5 | F33: =IF(C33=E33,"Y","N") -> N
B34: manufact_6 | C34: manufact_6 | D34: =IF(B34=C34,"Y","N") -> Y | E34: manufact 6 | F34: =IF(C34=E34,"Y","N") -> N
B35: manufact_7 | C35: manufact_7 | D35: =IF(B35=C35,"Y","N") -> Y | E35: manufact 7 | F35: =IF(C35=E35,"Y","N") -> N
B36: manufact_partnum_1 | C36: manufact_partnum_1 | D36: =IF(B36=C36,"Y","N") -> Y | E36: manufact partnum 1 | F36: =IF(C36=E36,"Y","N") -> N
B37: manufact_partnum_2 | C37: manufact_partnum_2 | D37: =IF(B37=C37,"Y","N") -> Y | E37: manufact partnum 2 | F37: =IF(C37=E37,"Y","N") -> N
B38: manufact_partnum_3 | C38: manufact_partnum_3 | D38: =IF(B38=C38,"Y","N") -> Y | E38: manufact partnum 3 | F38: =IF(C38=E38,"Y","N") -> N
... B71: value_1 | C71: value_1 | D71: =IF(B71=C71,"Y","N") -> Y | E71: value | F71: =IF(C71=E71,"Y","N") -> N

Sheet 02-Resistors
A1: DB Name | B1: TABLES_SAPMaxDB | C1: TABLES_PostgreSQLDB | E1: TABLES_AccessDB
A2: Table Name | B2: RESISTORS | C2: resistors_l2u | D2: B=C? | E2: [02-Resistors] | F2: C=E? | H2: No | I2: AccessDB left | J2: Comment
A3: Field List | B3: ad_alt_footprint | C3: ad_alt_footprint | D3: =IF(B3=C3,"Y","N") -> Y | E3: ad_alt_footprint | F3: =IF(C3=E3,"Y","N") -> Y | H3: 1 | I3: activepartsid | J3: =VLOOKUP(I3,'01-Capacitors'!I:J,2,FALSE) -> Empty
B4: ad_footprint | C4: ad_footprint | D4: =IF(B4=C4,"Y","N") -> Y | E4: ad_footprint | F4: =IF(C4=E4,"Y","N") -> Y | H4: 2 | I4: alt_symbols_cp | J4: =VLOOKUP(I4,'01-Capacitors'!I:J,2,FALSE) -> Empty
B5: ad_symbol | C5: ad_symbol | D5: =IF(B5=C5,"Y","N") -> Y | E5: ad_symbol | F5: =IF(C5=E5,"Y","N") -> Y | H5: 3 | I5: bqr_partnum_mil | J5: =VLOOKUP(I5,'01-Capacitors'!I:J,2,FALSE) -> Empty
B6: alt_symbols | C6: alt_symbols | D6: =IF(B6=C6,"Y","N") -> Y | E6: alt_symbols | F6: =IF(C6=E6,"Y","N") -> Y | H6: 4 | I6: bqr_partnum_sie | J6: =VLOOKUP(I6,'01-Capacitors'!I:J,2,FALSE) -> Empty
B7: annualconsumption | C7: annualconsumption | D7: =IF(B7=C7,"Y","N") -> Y | E7: annualconsumption | F7: =IF(C7=E7,"Y","N") -> Y | H7: 5 | I7: class | J7: =VLOOKUP(I7,'01-Capacitors'!I:J,2,FALSE) -> some with "DISCRETE" value
B8: approvals_of_part | C8: approvals_of_part | D8: =IF(B8=C8,"Y","N") -> Y | E8: approvals of part | F8: =IF(C8=E8,"Y","N") -> N | H8: 6 | I8: compmaterial | J8: =VLOOKUP(I8,'01-Capacitors'!I:J,2,FALSE) -> Empty
B9: approvals_required | C9: approvals_required | D9: =IF(B9=C9,"Y","N") -> Y | E9: approvals required | F9: =IF(C9=E9,"Y","N") -> N | H9: 7 | I9: comptype | J9: =VLOOKUP(I9,'01-Capacitors'!I:J,2,FALSE) -> Empty
B10: datasheet_1 | C10: datasheet_1 | D10: =IF(B10=C10,"Y","N") -> Y | E10: datasheet 1 | F10: =IF(C10=E10,"Y","N") -> N | H10: 8 | I10: further_information | J10: =VLOOKUP(I10,'01-Capacitors'!I:J,2,FALSE) -> Empty
B11: datasheet_2 | C11: datasheet_2 | D11: =IF(B11=C11,"Y","N") -> Y | E11: datasheet 2 | F11: =IF(C11=E11,"Y","N") -> N | H11: 9 | I11: mechmodell | J11: =VLOOKUP(I11,'01-Capacitors'!I:J,2,FALSE) -> Empty
B12: datasheet_3 | C12: datasheet_3 | D12: =IF(B12=C12,"Y","N") -> Y | E12: datasheet 3 | F12: =IF(C12=E12,"Y","N") -> N | H12: 10 | I12: parthistory | J12: =VLOOKUP(I12,'01-Capacitors'!I:J,2,FALSE) -> Empty
B13: datasheet_4 | C13: datasheet_4 | D13: =IF(B13=C13,"Y","N") -> Y | E13: datasheet 4 | F13: =IF(C13=E13,"Y","N") -> N | H13: 11 | I13: pspicetemp | J13: =VLOOKUP(I13,'01-Capacitors'!I:J,2,FALSE) -> Empty
B14: datasheet_5 | C14: datasheet_5 | D14: =IF(B14=C14,"Y","N") -> Y | E14: datasheet 5 | F14: =IF(C14=E14,"Y","N") -> N | H14: 12 | I14: pcb_footprint_cp | J14: =VLOOKUP(I14,'01-Capacitors'!I:J,2,FALSE) -> Empty
B15: datasheet_6 | C15: datasheet_6 | D15: =IF(B15=C15,"Y","N") -> Y | E15: datasheet 6 | F15: =IF(C15=E15,"Y","N") -> N | H15: 13 | I15: restrictedsubstances | J15: =VLOOKUP(I15,'01-Capacitors'!I:J,2,FALSE) -> Empty
... B22: height | C22: height | D22: =IF(B22=C22,"Y","N") -> Y | E22: height | F22: =IF(C22=E22,"Y","N") -> Y | H22: 20 | I22: soldertemperatur_wave | J22: =VLOOKUP(I22,'01-Capacitors'!I:J,2,FALSE) -> Empty
B23: id | C23: id | D23: =IF(B23=C23,"Y","N") -> Y | F23: =IF(C23=E23,"Y","N") -> N | G23: Should use "id" for new Table | H23: 21 | I23: thetajb | J23: =VLOOKUP(I23,'01-Capacitors'!I:J,2,FALSE) -> Empty
B24: implementation | C24: implementation | D24: =IF(B24=C24,"Y","N") -> Y | E24: implementation | F24: =IF(C24=E24,"Y","N") -> Y | H24: 22 | I24: thetajc | J24: =VLOOKUP(I24,'01-Capacitors'!I:J,2,FALSE) -> Empty
B25: in_approved_devices | C25: in_approved_devices | D25: =IF(B25=C25,"Y","N") -> Y | E25: in approved devices | F25: =IF(C25=E25,"Y","N") -> N
B26: manufact_1 | C26: manufact_1 | D26: =IF(B26=C26,"Y","N") -> Y | E26: manufact 1 | F26: =IF(C26=E26,"Y","N") -> N
B27: manufact_2 | C27: manufact_2 | D27: =IF(B27=C27,"Y","N") -> Y | E27: manufact 2 | F27: =IF(C27=E27,"Y","N") -> N
B28: manufact_3 | C28: manufact_3 | D28: =IF(B28=C28,"Y","N") -> Y | E28: manufact 3 | F28: =IF(C28=E28,"Y","N") -> N
B29: manufact_4 | C29: manufact_4 | D29: =IF(B29=C29,"Y","N") -> Y | E29: manufact 4 | F29: =IF(C29=E29,"Y","N") -> N
B30: manufact_5 | C30: manufact_5 | D30: =IF(B30=C30,"Y","N") -> Y | E30: manufact 5 | F30: =IF(C30=E30,"Y","N") -> N
B31: manufact_6 | C31: manufact_6 | D31: =IF(B31=C31,"Y","N") -> Y | E31: manufact 6 | F31: =IF(C31=E31,"Y","N") -> N
B32: manufact_7 | C32: manufact_7 | D32: =IF(B32=C32,"Y","N") -> Y | E32: manufact 7 | F32: =IF(C32=E32,"Y","N") -> N
B33: manufact_partnum_1 | C33: manufact_partnum_1 | D33: =IF(B33=C33,"Y","N") -> Y | E33: manufact partnum 1 | F33: =IF(C33=E33,"Y","N") -> N
B34: manufact_partnum_2 | C34: manufact_partnum_2 | D34: =IF(B34=C34,"Y","N") -> Y | E34: manufact partnum 2 | F34: =IF(C34=E34,"Y","N") -> N
B35: manufact_partnum_3 | C35: manufact_partnum_3 | D35: =IF(B35=C35,"Y","N") -> Y | E35: manufact partnum 3 | F35: =IF(C35=E35,"Y","N") -> N
B36: manufact_partnum_4 | C36: manufact_partnum_4 | D36: =IF(B36=C36,"Y","N") -> Y | E36: manufact partnum 4 | F36: =IF(C36=E36,"Y","N") -> N
... B70: value_1 | C70: value_1 | D70: =IF(B70=C70,"Y","N") -> Y | E70: value | F70: =IF(C70=E70,"Y","N") -> N

Sheet 03-Varistors
A1: DB Name | B1: TABLES_SAPMaxDB | C1: TABLES_PostgreSQLDB | E1: TABLES_AccessDB
A2: Table Name | B2: VARISTORS | C2: varistors_l2u | D2: B=C? | E2: [03-Varistors] | F2: C=E? | H2: No | I2: AccessDB left | J2: Comment
A3: Field List | B3: ad_alt_footprint | C3: ad_alt_footprint | D3: =IF(B3=C3,"Y","N") -> Y | E3: ad_alt_footprint | F3: =IF(C3=E3,"Y","N") -> Y | H3: 1 | I3: alt_symbols_cp | J3: =VLOOKUP(I3,'01-Capacitors'!I:J,2,FALSE) -> Empty
B4: ad_footprint | C4: ad_footprint | D4: =IF(B4=C4,"Y","N") -> Y | E4: ad_footprint | F4: =IF(C4=E4,"Y","N") -> Y | H4: 2 | I4: bqr_partnum_mil | J4: =VLOOKUP(I4,'01-Capacitors'!I:J,2,FALSE) -> Empty
B5: ad_symbol | C5: ad_symbol | D5: =IF(B5=C5,"Y","N") -> Y | E5: ad_symbol | F5: =IF(C5=E5,"Y","N") -> Y | H5: 3 | I5: bqr_partnum_sie | J5: =VLOOKUP(I5,'01-Capacitors'!I:J,2,FALSE) -> Empty
B6: alt_symbols | C6: alt_symbols | D6: =IF(B6=C6,"Y","N") -> Y | E6: alt_symbols | F6: =IF(C6=E6,"Y","N") -> Y | H6: 4 | I6: class | J6: =VLOOKUP(I6,'01-Capacitors'!I:J,2,FALSE) -> some with "DISCRETE" value
B7: annualconsumption | C7: annualconsumption | D7: =IF(B7=C7,"Y","N") -> Y | E7: annualconsumption | F7: =IF(C7=E7,"Y","N") -> Y | H7: 5 | I7: compmaterial | J7: =VLOOKUP(I7,'01-Capacitors'!I:J,2,FALSE) -> Empty
B8: approvals_of_part | C8: approvals_of_part | D8: =IF(B8=C8,"Y","N") -> Y | E8: approvals of part | F8: =IF(C8=E8,"Y","N") -> N | H8: 6 | I8: comptype | J8: =VLOOKUP(I8,'01-Capacitors'!I:J,2,FALSE) -> Empty
B9: approvals_required | C9: approvals_required | D9: =IF(B9=C9,"Y","N") -> Y | E9: approvals required | F9: =IF(C9=E9,"Y","N") -> N | H9: 7 | I9: further_information | J9: =VLOOKUP(I9,'01-Capacitors'!I:J,2,FALSE) -> Empty
B10: clampingvoltage | C10: clampingvoltage | D10: =IF(B10=C10,"Y","N") -> Y | E10: clampingvoltage | F10: =IF(C10=E10,"Y","N") -> Y | H10: 8 | I10: mechmodell | J10: =VLOOKUP(I10,'01-Capacitors'!I:J,2,FALSE) -> Empty
B11: datasheet_1 | C11: datasheet_1 | D11: =IF(B11=C11,"Y","N") -> Y | E11: datasheet 1 | F11: =IF(C11=E11,"Y","N") -> N | H11: 9 | I11: parthistory | J11: =VLOOKUP(I11,'01-Capacitors'!I:J,2,FALSE) -> Empty
B12: datasheet_2 | C12: datasheet_2 | D12: =IF(B12=C12,"Y","N") -> Y | E12: datasheet 2 | F12: =IF(C12=E12,"Y","N") -> N | H12: 10 | I12: pcb_footprint_cp | J12: =VLOOKUP(I12,'01-Capacitors'!I:J,2,FALSE) -> Empty
B13: datasheet_3 | C13: datasheet_3 | D13: =IF(B13=C13,"Y","N") -> Y | E13: datasheet 3 | F13: =IF(C13=E13,"Y","N") -> N | H13: 11 | I13: pspicetemp | J13: =VLOOKUP(I13,'01-Capacitors'!I:J,2,FALSE) -> Empty
B14: datasheet_4 | C14: datasheet_4 | D14: =IF(B14=C14,"Y","N") -> Y | E14: datasheet 4 | F14: =IF(C14=E14,"Y","N") -> N | H14: 12 | I14: restrictedsubstances | J14: =VLOOKUP(I14,'01-Capacitors'!I:J,2,FALSE) -> Empty
B15: datasheet_5 | C15: datasheet_5 | D15: =IF(B15=C15,"Y","N") -> Y | E15: datasheet 5 | F15: =IF(C15=E15,"Y","N") -> N | H15: 13 | I15: rohs_china | J15: =VLOOKUP(I15,'01-Capacitors'!I:J,2,FALSE) -> Empty
... B23: height | C23: height | D23: =IF(B23=C23,"Y","N") -> Y | E23: height | F23: =IF(C23=E23,"Y","N") -> Y | H23: 21 | I23: thetajc | J23: =VLOOKUP(I23,'01-Capacitors'!I:J,2,FALSE) -> Empty
B24: id | C24: id | D24: =IF(B24=C24,"Y","N") -> Y | F24: =IF(C24=E24,"Y","N") -> N | G24: Should use "id" for new Table | H24: 22 | I24: activepartsid | J24: =VLOOKUP(I24,'01-Capacitors'!I:J,2,FALSE) -> Empty
B25: implementation | C25: implementation | D25: =IF(B25=C25,"Y","N") -> Y | E25: implementation | F25: =IF(C25=E25,"Y","N") -> Y
B26: in_approved_devices | C26: in_approved_devices | D26: =IF(B26=C26,"Y","N") -> Y | E26: in approved devices | F26: =IF(C26=E26,"Y","N") -> N
B27: manufact_1 | C27: manufact_1 | D27: =IF(B27=C27,"Y","N") -> Y | E27: manufact 1 | F27: =IF(C27=E27,"Y","N") -> N
B28: manufact_2 | C28: manufact_2 | D28: =IF(B28=C28,"Y","N") -> Y | E28: manufact 2 | F28: =IF(C28=E28,"Y","N") -> N
B29: manufact_3 | C29: manufact_3 | D29: =IF(B29=C29,"Y","N") -> Y | E29: manufact 3 | F29: =IF(C29=E29,"Y","N") -> N
B30: manufact_4 | C30: manufact_4 | D30: =IF(B30=C30,"Y","N") -> Y | E30: manufact 4 | F30: =IF(C30=E30,"Y","N") -> N
B31: manufact_5 | C31: manufact_5 | D31: =IF(B31=C31,"Y","N") -> Y | E31: manufact 5 | F31: =IF(C31=E31,"Y","N") -> N
B32: manufact_6 | C32: manufact_6 | D32: =IF(B32=C32,"Y","N") -> Y | E32: manufact 6 | F32: =IF(C32=E32,"Y","N") -> N
B33: manufact_7 | C33: manufact_7 | D33: =IF(B33=C33,"Y","N") -> Y | E33: manufact 7 | F33: =IF(C33=E33,"Y","N") -> N
B34: manufact_partnum_1 | C34: manufact_partnum_1 | D34: =IF(B34=C34,"Y","N") -> Y | E34: manufact partnum 1 | F34: =IF(C34=E34,"Y","N") -> N
B35: manufact_partnum_2 | C35: manufact_partnum_2 | D35: =IF(B35=C35,"Y","N") -> Y | E35: manufact partnum 2 | F35: =IF(C35=E35,"Y","N") -> N
B36: manufact_partnum_3 | C36: manufact_partnum_3 | D36: =IF(B36=C36,"Y","N") -> Y | E36: manufact partnum 3 | F36: =IF(C36=E36,"Y","N") -> N
... B71: workingvolt | C71: workingvolt | D71: =IF(B71=C71,"Y","N") -> Y | E71: workingvolt | F71: =IF(C71=E71,"Y","N") -> Y

Sheet 04-Transistors
A1: DB Name | B1: TABLES_SAPMaxDB | C1: TABLES_PostgreSQLDB | E1: TABLES_AccessDB
A2: Table Name | B2: TRANSISTORS | C2: transistors_l2u | D2: B=C? | E2: [04-Transistors] | F2: C=E? | H2: No | I2: AccessDB left | J2: Comment
A3: Field List | B3: ad_alt_footprint | C3: ad_alt_footprint | D3: =IF(B3=C3,"Y","N") -> Y | E3: ad_alt_footprint | F3: =IF(C3=E3,"Y","N") -> Y | H3: 1 | I3: activepartsid | J3: =VLOOKUP(I3,'01-Capacitors'!I:J,2,FALSE) -> Empty
B4: ad_footprint | C4: ad_footprint | D4: =IF(B4=C4,"Y","N") -> Y | E4: ad_footprint | F4: =IF(C4=E4,"Y","N") -> Y | H4: 2 | I4: alt_symbols_cp | J4: =VLOOKUP(I4,'01-Capacitors'!I:J,2,FALSE) -> Empty
B5: ad_symbol | C5: ad_symbol | D5: =IF(B5=C5,"Y","N") -> Y | E5: ad_symbol | F5: =IF(C5=E5,"Y","N") -> Y | H5: 3 | I5: bqr_partnum_mil | J5: =VLOOKUP(I5,'01-Capacitors'!I:J,2,FALSE) -> Empty
B6: alt_symbols | C6: alt_symbols | D6: =IF(B6=C6,"Y","N") -> Y | E6: alt_symbols | F6: =IF(C6=E6,"Y","N") -> Y | H6: 4 | I6: bqr_partnum_sie | J6: =VLOOKUP(I6,'01-Capacitors'!I:J,2,FALSE) -> Empty
B7: annualconsumption | C7: annualconsumption | D7: =IF(B7=C7,"Y","N") -> Y | E7: annualconsumption | F7: =IF(C7=E7,"Y","N") -> Y | H7: 5 | I7: class | J7: =VLOOKUP(I7,'01-Capacitors'!I:J,2,FALSE) -> some with "DISCRETE" value
B8: approvals_of_part | C8: approvals_of_part | D8: =IF(B8=C8,"Y","N") -> Y | E8: approvals of part | F8: =IF(C8=E8,"Y","N") -> N | H8: 6 | I8: compmaterial | J8: =VLOOKUP(I8,'01-Capacitors'!I:J,2,FALSE) -> Empty
B9: approvals_required | C9: approvals_required | D9: =IF(B9=C9,"Y","N") -> Y | E9: approvals required | F9: =IF(C9=E9,"Y","N") -> N | H9: 7 | I9: comptype | J9: =VLOOKUP(I9,'01-Capacitors'!I:J,2,FALSE) -> Empty
B10: b_rdson | C10: b_rdson | D10: =IF(B10=C10,"Y","N") -> Y | E10: b / rdson | F10: =IF(C10=E10,"Y","N") -> N | G10: should use PostgreDB filed name | H10: 8 | I10: further_information | J10: =VLOOKUP(I10,'01-Capacitors'!I:J,2,FALSE) -> Empty
B11: datasheet_1 | C11: datasheet_1 | D11: =IF(B11=C11,"Y","N") -> Y | E11: datasheet 1 | F11: =IF(C11=E11,"Y","N") -> N | H11: 9 | I11: mechmodell | J11: =VLOOKUP(I11,'01-Capacitors'!I:J,2,FALSE) -> Empty
B12: datasheet_2 | C12: datasheet_2 | D12: =IF(B12=C12,"Y","N") -> Y | E12: datasheet 2 | F12: =IF(C12=E12,"Y","N") -> N | H12: 10 | I12: parthistory | J12: =VLOOKUP(I12,'01-Capacitors'!I:J,2,FALSE) -> Empty
B13: datasheet_3 | C13: datasheet_3 | D13: =IF(B13=C13,"Y","N") -> Y | E13: datasheet 3 | F13: =IF(C13=E13,"Y","N") -> N | H13: 11 | I13: pcb_footprint_cp | J13: =VLOOKUP(I13,'01-Capacitors'!I:J,2,FALSE) -> Empty
B14: datasheet_4 | C14: datasheet_4 | D14: =IF(B14=C14,"Y","N") -> Y | E14: datasheet 4 | F14: =IF(C14=E14,"Y","N") -> N | H14: 12 | I14: pspicetemp | J14: =VLOOKUP(I14,'01-Capacitors'!I:J,2,FALSE) -> Empty
B15: datasheet_5 | C15: datasheet_5 | D15: =IF(B15=C15,"Y","N") -> Y | E15: datasheet 5 | F15: =IF(C15=E15,"Y","N") -> N | H15: 13 | I15: restrictedsubstances | J15: =VLOOKUP(I15,'01-Capacitors'!I:J,2,FALSE) -> Empty
B16: datasheet_6 | C16: datasheet_6 | D16: =IF(B16=C16,"Y","N") -> Y | E16: datasheet 6 | F16: =IF(C16=E16,"Y","N") -> N | H16: 14 | I16: rohs_china | J16: =VLOOKUP(I16,'01-Capacitors'!I:J,2,FALSE) -> Empty
B17: datasheet_7 | C17: datasheet_7 | D17: =IF(B17=C17,"Y","N") -> Y | E17: datasheet 7 | F17: =IF(C17=E17,"Y","N") -> N | H17: 15 | I17: series | J17: =VLOOKUP(I17,'01-Capacitors'!I:J,2,FALSE) -> Empty
B18: deliverytime | C18: deliverytime | D18: =IF(B18=C18,"Y","N") -> Y | E18: deliverytime | F18: =IF(C18=E18,"Y","N") -> Y | H18: 16 | I18: signalmodel | J18: =VLOOKUP(I18,'01-Capacitors'!I:J,2,FALSE) -> Empty
B19: detaildrawing | C19: detaildrawing | D19: =IF(B19=C19,"Y","N") -> Y | E19: detaildrawing | F19: =IF(C19=E19,"Y","N") -> Y | H19: 17 | I19: solderduration_reflow | J19: =VLOOKUP(I19,'01-Capacitors'!I:J,2,FALSE) -> Empty
B20: docversion | C20: docversion | D20: =IF(B20=C20,"Y","N") -> Y | E20: docversion | F20: =IF(C20=E20,"Y","N") -> Y | H20: 18 | I20: solderduration_wave | J20: =VLOOKUP(I20,'01-Capacitors'!I:J,2,FALSE) -> Empty
B21: editor | C21: editor | D21: =IF(B21=C21,"Y","N") -> Y | E21: editor | F21: =IF(C21=E21,"Y","N") -> Y | H21: 19 | I21: soldertemperatur_reflow | J21: =VLOOKUP(I21,'01-Capacitors'!I:J,2,FALSE) -> Empty
B22: free_comment | C22: free_comment | D22: =IF(B22=C22,"Y","N") -> Y | E22: free_comment | F22: =IF(C22=E22,"Y","N") -> Y | H22: 20 | I22: soldertemperatur_wave | J22: =VLOOKUP(I22,'01-Capacitors'!I:J,2,FALSE) -> Empty
... B24: ic_id | C24: ic_id | D24: =IF(B24=C24,"Y","N") -> Y | E24: ic/id | F24: =IF(C24=E24,"Y","N") -> N | H24: 22 | I24: thetajc | J24: =VLOOKUP(I24,'01-Capacitors'!I:J,2,FALSE) -> Empty
B25: id | C25: id | D25: =IF(B25=C25,"Y","N") -> Y | F25: =IF(C25=E25,"Y","N") -> N | G25: Should use "id" for new Table
B26: implementation | C26: implementation | D26: =IF(B26=C26,"Y","N") -> Y | E26: implementation | F26: =IF(C26=E26,"Y","N") -> Y
B27: in_approved_devices | C27: in_approved_devices | D27: =IF(B27=C27,"Y","N") -> Y | E27: in approved devices | F27: =IF(C27=E27,"Y","N") -> N
B28: manufact_1 | C28: manufact_1 | D28: =IF(B28=C28,"Y","N") -> Y | E28: manufact 1 | F28: =IF(C28=E28,"Y","N") -> N
B29: manufact_2 | C29: manufact_2 | D29: =IF(B29=C29,"Y","N") -> Y | E29: manufact 2 | F29: =IF(C29=E29,"Y","N") -> N
B30: manufact_3 | C30: manufact_3 | D30: =IF(B30=C30,"Y","N") -> Y | E30: manufact 3 | F30: =IF(C30=E30,"Y","N") -> N
B31: manufact_4 | C31: manufact_4 | D31: =IF(B31=C31,"Y","N") -> Y | E31: manufact 4 | F31: =IF(C31=E31,"Y","N") -> N
B32: manufact_5 | C32: manufact_5 | D32: =IF(B32=C32,"Y","N") -> Y | E32: manufact 5 | F32: =IF(C32=E32,"Y","N") -> N
B33: manufact_6 | C33: manufact_6 | D33: =IF(B33=C33,"Y","N") -> Y | E33: manufact 6 | F33: =IF(C33=E33,"Y","N") -> N
B34: manufact_7 | C34: manufact_7 | D34: =IF(B34=C34,"Y","N") -> Y | E34: manufact 7 | F34: =IF(C34=E34,"Y","N") -> N
B35: manufact_partnum_1 | C35: manufact_partnum_1 | D35: =IF(B35=C35,"Y","N") -> Y | E35: manufact partnum 1 | F35: =IF(C35=E35,"Y","N") -> N
B36: manufact_partnum_2 | C36: manufact_partnum_2 | D36: =IF(B36=C36,"Y","N") -> Y | E36: manufact partnum 2 | F36: =IF(C36=E36,"Y","N") -> N
B37: manufact_partnum_3 | C37: manufact_partnum_3 | D37: =IF(B37=C37,"Y","N") -> Y | E37: manufact partnum 3 | F37: =IF(C37=E37,"Y","N") -> N
... B70: value_1 | C70: value_1 | D70: =IF(B70=C70,"Y","N") -> Y | E70: value | F70: =IF(C70=E70,"Y","N") -> N
B71: vceo_vds_vgt | C71: vceo_vds_vgt | D71: =IF(B71=C71,"Y","N") -> Y | E71: vceo/vds/vgt | F71: =IF(C71=E71,"Y","N") -> N | G71: should use PostgreDB filed name

Sheet 05-Diodes
A1: DB Name | B1: TABLES_SAPMaxDB | C1: TABLES_PostgreSQLDB | E1: TABLES_AccessDB
A2: Table Name | B2: DIODES | C2: diodes_l2u | D2: B=C? | E2: [05-Diodes] | F2: C=E? | H2: No | I2: AccessDB left | J2: Comment
A3: Field List | B3: ad_alt_footprint | C3: ad_alt_footprint | D3: =IF(B3=C3,"Y","N") -> Y | E3: ad_alt_footprint | F3: =IF(C3=E3,"Y","N") -> Y | H3: 1 | I3: activepartsid | J3: =VLOOKUP(I3,'01-Capacitors'!I:J,2,FALSE) -> Empty
B4: ad_footprint | C4: ad_footprint | D4: =IF(B4=C4,"Y","N") -> Y | E4: ad_footprint | F4: =IF(C4=E4,"Y","N") -> Y | H4: 2 | I4: alt_symbols_cp | J4: =VLOOKUP(I4,'01-Capacitors'!I:J,2,FALSE) -> Empty
B5: ad_symbol | C5: ad_symbol | D5: =IF(B5=C5,"Y","N") -> Y | E5: ad_symbol | F5: =IF(C5=E5,"Y","N") -> Y | H5: 3 | I5: bqr_partnum_mil | J5: =VLOOKUP(I5,'01-Capacitors'!I:J,2,FALSE) -> Empty
B6: alt_symbols | C6: alt_symbols | D6: =IF(B6=C6,"Y","N") -> Y | E6: alt_symbols | F6: =IF(C6=E6,"Y","N") -> Y | H6: 4 | I6: bqr_partnum_sie | J6: =VLOOKUP(I6,'01-Capacitors'!I:J,2,FALSE) -> Empty
B7: annualconsumption | C7: annualconsumption | D7: =IF(B7=C7,"Y","N") -> Y | E7: annualconsumption | F7: =IF(C7=E7,"Y","N") -> Y | H7: 5 | I7: class | J7: =VLOOKUP(I7,'01-Capacitors'!I:J,2,FALSE) -> some with "DISCRETE" value
B8: approvals_of_part | C8: approvals_of_part | D8: =IF(B8=C8,"Y","N") -> Y | E8: approvals of part | F8: =IF(C8=E8,"Y","N") -> N | H8: 6 | I8: compmaterial | J8: =VLOOKUP(I8,'01-Capacitors'!I:J,2,FALSE) -> Empty
B9: approvals_required | C9: approvals_required | D9: =IF(B9=C9,"Y","N") -> Y | E9: approvals required | F9: =IF(C9=E9,"Y","N") -> N | H9: 7 | I9: comptype | J9: =VLOOKUP(I9,'01-Capacitors'!I:J,2,FALSE) -> Empty
B10: datasheet_1 | C10: datasheet_1 | D10: =IF(B10=C10,"Y","N") -> Y | E10: datasheet 1 | F10: =IF(C10=E10,"Y","N") -> N | H10: 8 | I10: further_information | J10: =VLOOKUP(I10,'01-Capacitors'!I:J,2,FALSE) -> Empty
B11: datasheet_2 | C11: datasheet_2 | D11: =IF(B11=C11,"Y","N") -> Y | E11: datasheet 2 | F11: =IF(C11=E11,"Y","N") -> N | H11: 9 | I11: mechmodell | J11: =VLOOKUP(I11,'01-Capacitors'!I:J,2,FALSE) -> Empty
B12: datasheet_3 | C12: datasheet_3 | D12: =IF(B12=C12,"Y","N") -> Y | E12: datasheet 3 | F12: =IF(C12=E12,"Y","N") -> N | H12: 10 | I12: parthistory | J12: =VLOOKUP(I12,'01-Capacitors'!I:J,2,FALSE) -> Empty
B13: datasheet_4 | C13: datasheet_4 | D13: =IF(B13=C13,"Y","N") -> Y | E13: datasheet 4 | F13: =IF(C13=E13,"Y","N") -> N | H13: 11 | I13: pcb_footprint_cp | J13: =VLOOKUP(I13,'01-Capacitors'!I:J,2,FALSE) -> Empty
B14: datasheet_5 | C14: datasheet_5 | D14: =IF(B14=C14,"Y","N") -> Y | E14: datasheet 5 | F14: =IF(C14=E14,"Y","N") -> N | H14: 12 | I14: pspicetemp | J14: =VLOOKUP(I14,'01-Capacitors'!I:J,2,FALSE) -> Empty
B15: datasheet_6 | C15: datasheet_6 | D15: =IF(B15=C15,"Y","N") -> Y | E15: datasheet 6 | F15: =IF(C15=E15,"Y","N") -> N | H15: 13 | I15: restrictedsubstances | J15: =VLOOKUP(I15,'01-Capacitors'!I:J,2,FALSE) -> Empty
... B22: height | C22: height | D22: =IF(B22=C22,"Y","N") -> Y | E22: height | F22: =IF(C22=E22,"Y","N") -> Y | H22: 20 | I22: soldertemperatur_wave | J22: =VLOOKUP(I22,'01-Capacitors'!I:J,2,FALSE) -> Empty
B23: id | C23: id | D23: =IF(B23=C23,"Y","N") -> Y | F23: =IF(C23=E23,"Y","N") -> N | G23: Should use "id" for new Table | H23: 21 | I23: thetajb | J23: =VLOOKUP(I23,'01-Capacitors'!I:J,2,FALSE) -> Empty
B24: if_1 | C24: if_1 | D24: =IF(B24=C24,"Y","N") -> Y | E24: if | F24: =IF(C24=E24,"Y","N") -> N | H24: 22 | I24: thetajc | J24: =VLOOKUP(I24,'01-Capacitors'!I:J,2,FALSE) -> Empty
B25: implementation | C25: implementation | D25: =IF(B25=C25,"Y","N") -> Y | E25: implementation | F25: =IF(C25=E25,"Y","N") -> Y
B26: in_approved_devices | C26: in_approved_devices | D26: =IF(B26=C26,"Y","N") -> Y | E26: in approved devices | F26: =IF(C26=E26,"Y","N") -> N
B27: manufact_1 | C27: manufact_1 | D27: =IF(B27=C27,"Y","N") -> Y | E27: manufact 1 | F27: =IF(C27=E27,"Y","N") -> N
B28: manufact_2 | C28: manufact_2 | D28: =IF(B28=C28,"Y","N") -> Y | E28: manufact 2 | F28: =IF(C28=E28,"Y","N") -> N
B29: manufact_3 | C29: manufact_3 | D29: =IF(B29=C29,"Y","N") -> Y | E29: manufact 3 | F29: =IF(C29=E29,"Y","N") -> N
B30: manufact_4 | C30: manufact_4 | D30: =IF(B30=C30,"Y","N") -> Y | E30: manufact 4 | F30: =IF(C30=E30,"Y","N") -> N
B31: manufact_5 | C31: manufact_5 | D31: =IF(B31=C31,"Y","N") -> Y | E31: manufact 5 | F31: =IF(C31=E31,"Y","N") -> N
B32: manufact_6 | C32: manufact_6 | D32: =IF(B32=C32,"Y","N") -> Y | E32: manufact 6 | F32: =IF(C32=E32,"Y","N") -> N
B33: manufact_7 | C33: manufact_7 | D33: =IF(B33=C33,"Y","N") -> Y | E33: manufact 7 | F33: =IF(C33=E33,"Y","N") -> N
B34: manufact_partnum_1 | C34: manufact_partnum_1 | D34: =IF(B34=C34,"Y","N") -> Y | E34: manufact partnum 1 | F34: =IF(C34=E34,"Y","N") -> N
B35: manufact_partnum_2 | C35: manufact_partnum_2 | D35: =IF(B35=C35,"Y","N") -> Y | E35: manufact partnum 2 | F35: =IF(C35=E35,"Y","N") -> N
B36: manufact_partnum_3 | C36: manufact_partnum_3 | D36: =IF(B36=C36,"Y","N") -> Y | E36: manufact partnum 3 | F36: =IF(C36=E36,"Y","N") -> N
... B71: vrev | C71: vrev | D71: =IF(B71=C71,"Y","N") -> Y | E71: vrev | F71: =IF(C71=E71,"Y","N") -> Y

Sheet 06-ICs_digital
A1: DB Name | B1: TABLES_SAPMaxDB | C1: TABLES_PostgreSQLDB | E1: TABLES_AccessDB
A2: Table Name | B2: ICS_DIGITAL | C2: ics_digital_l2u | D2: B=C? | E2: [06-ICs_digital] | F2: C=E? | H2: No | I2: AccessDB left | J2: Comment
A3: Field List | B3: ad_alt_footprint | C3: ad_alt_footprint | D3: =IF(B3=C3,"Y","N") -> Y | E3: ad_alt_footprint | F3: =IF(C3=E3,"Y","N") -> Y | H3: 1 | I3: activepartsid | J3: =VLOOKUP(I3,'01-Capacitors'!I:J,2,FALSE) -> Empty
B4: ad_footprint | C4: ad_footprint | D4: =IF(B4=C4,"Y","N") -> Y | E4: ad_footprint | F4: =IF(C4=E4,"Y","N") -> Y | H4: 2 | I4: alt_symbols_cp | J4: =VLOOKUP(I4,'01-Capacitors'!I:J,2,FALSE) -> Empty
B5: ad_symbol | C5: ad_symbol | D5: =IF(B5=C5,"Y","N") -> Y | E5: ad_symbol | F5: =IF(C5=E5,"Y","N") -> Y | H5: 3 | I5: bqr_partnum_mil | J5: =VLOOKUP(I5,'01-Capacitors'!I:J,2,FALSE) -> Empty
B6: alt_symbols | C6: alt_symbols | D6: =IF(B6=C6,"Y","N") -> Y | E6: alt_symbols | F6: =IF(C6=E6,"Y","N") -> Y | H6: 4 | I6: bqr_partnum_sie | J6: =VLOOKUP(I6,'01-Capacitors'!I:J,2,FALSE) -> Empty
B7: annualconsumption | C7: annualconsumption | D7: =IF(B7=C7,"Y","N") -> Y | E7: annualconsumption | F7: =IF(C7=E7,"Y","N") -> Y | H7: 5 | I7: class | J7: =VLOOKUP(I7,'01-Capacitors'!I:J,2,FALSE) -> some with "DISCRETE" value
B8: approvals_of_part | C8: approvals_of_part | D8: =IF(B8=C8,"Y","N") -> Y | E8: approvals of part | F8: =IF(C8=E8,"Y","N") -> N | H8: 6 | I8: compmaterial | J8: =VLOOKUP(I8,'01-Capacitors'!I:J,2,FALSE) -> Empty
B9: approvals_required | C9: approvals_required | D9: =IF(B9=C9,"Y","N") -> Y | E9: approvals required | F9: =IF(C9=E9,"Y","N") -> N | H9: 7 | I9: comptype | J9: =VLOOKUP(I9,'01-Capacitors'!I:J,2,FALSE) -> Empty
B10: datasheet_1 | C10: datasheet_1 | D10: =IF(B10=C10,"Y","N") -> Y | E10: datasheet 1 | F10: =IF(C10=E10,"Y","N") -> N | H10: 8 | I10: further_information | J10: =VLOOKUP(I10,'01-Capacitors'!I:J,2,FALSE) -> Empty
B11: datasheet_2 | C11: datasheet_2 | D11: =IF(B11=C11,"Y","N") -> Y | E11: datasheet 2 | F11: =IF(C11=E11,"Y","N") -> N | H11: 9 | I11: mechmodell | J11: =VLOOKUP(I11,'01-Capacitors'!I:J,2,FALSE) -> Empty
B12: datasheet_3 | C12: datasheet_3 | D12: =IF(B12=C12,"Y","N") -> Y | E12: datasheet 3 | F12: =IF(C12=E12,"Y","N") -> N | H12: 10 | I12: parthistory | J12: =VLOOKUP(I12,'01-Capacitors'!I:J,2,FALSE) -> Empty
B13: datasheet_4 | C13: datasheet_4 | D13: =IF(B13=C13,"Y","N") -> Y | E13: datasheet 4 | F13: =IF(C13=E13,"Y","N") -> N | H13: 11 | I13: pcb_footprint_cp | J13: =VLOOKUP(I13,'01-Capacitors'!I:J,2,FALSE) -> Empty
B14: datasheet_5 | C14: datasheet_5 | D14: =IF(B14=C14,"Y","N") -> Y | E14: datasheet 5 | F14: =IF(C14=E14,"Y","N") -> N | H14: 12 | I14: pspicetemp | J14: =VLOOKUP(I14,'01-Capacitors'!I:J,2,FALSE) -> Empty
B15: datasheet_6 | C15: datasheet_6 | D15: =IF(B15=C15,"Y","N") -> Y | E15: datasheet 6 | F15: =IF(C15=E15,"Y","N") -> N | H15: 13 | I15: restrictedsubstances | J15: =VLOOKUP(I15,'01-Capacitors'!I:J,2,FALSE) -> Empty
... B22: height | C22: height | D22: =IF(B22=C22,"Y","N") -> Y | E22: height | F22: =IF(C22=E22,"Y","N") -> Y | H22: 20 | I22: soldertemperatur_wave | J22: =VLOOKUP(I22,'01-Capacitors'!I:J,2,FALSE) -> Empty
B23: id | C23: id | D23: =IF(B23=C23,"Y","N") -> Y | F23: =IF(C23=E23,"Y","N") -> N | G23: Should use "id" for new Table | H23: 21 | I23: thetajb | J23: =VLOOKUP(I23,'01-Capacitors'!I:J,2,FALSE) -> Empty
B24: implementation | C24: implementation | D24: =IF(B24=C24,"Y","N") -> Y | E24: implementation | F24: =IF(C24=E24,"Y","N") -> Y | H24: 22 | I24: thetajc | J24: =VLOOKUP(I24,'01-Capacitors'!I:J,2,FALSE) -> Empty
B25: in_approved_devices | C25: in_approved_devices | D25: =IF(B25=C25,"Y","N") -> Y | E25: in approved devices | F25: =IF(C25=E25,"Y","N") -> N
B26: manufact_1 | C26: manufact_1 | D26: =IF(B26=C26,"Y","N") -> Y | E26: manufact 1 | F26: =IF(C26=E26,"Y","N") -> N
B27: manufact_2 | C27: manufact_2 | D27: =IF(B27=C27,"Y","N") -> Y | E27: manufact 2 | F27: =IF(C27=E27,"Y","N") -> N
B28: manufact_3 | C28: manufact_3 | D28: =IF(B28=C28,"Y","N") -> Y | E28: manufact 3 | F28: =IF(C28=E28,"Y","N") -> N
B29: manufact_4 | C29: manufact_4 | D29: =IF(B29=C29,"Y","N") -> Y | E29: manufact 4 | F29: =IF(C29=E29,"Y","N") -> N
B30: manufact_5 | C30: manufact_5 | D30: =IF(B30=C30,"Y","N") -> Y | E30: manufact 5 | F30: =IF(C30=E30,"Y","N") -> N
B31: manufact_6 | C31: manufact_6 | D31: =IF(B31=C31,"Y","N") -> Y | E31: manufact 6 | F31: =IF(C31=E31,"Y","N") -> N
B32: manufact_7 | C32: manufact_7 | D32: =IF(B32=C32,"Y","N") -> Y | E32: manufact 7 | F32: =IF(C32=E32,"Y","N") -> N
B33: manufact_partnum_1 | C33: manufact_partnum_1 | D33: =IF(B33=C33,"Y","N") -> Y | E33: manufact partnum 1 | F33: =IF(C33=E33,"Y","N") -> N
B34: manufact_partnum_2 | C34: manufact_partnum_2 | D34: =IF(B34=C34,"Y","N") -> Y | E34: manufact partnum 2 | F34: =IF(C34=E34,"Y","N") -> N
B35: manufact_partnum_3 | C35: manufact_partnum_3 | D35: =IF(B35=C35,"Y","N") -> Y | E35: manufact partnum 3 | F35: =IF(C35=E35,"Y","N") -> N
B36: manufact_partnum_4 | C36: manufact_partnum_4 | D36: =IF(B36=C36,"Y","N") -> Y | E36: manufact partnum 4 | F36: =IF(C36=E36,"Y","N") -> N
... B68: vcc | C68: vcc | D68: =IF(B68=C68,"Y","N") -> Y | E68: vcc | F68: =IF(C68=E68,"Y","N") -> Y

Sheet 07-Memory
A1: DB Name | B1: TABLES_SAPMaxDB | C1: TABLES_PostgreSQLDB | E1: TABLES_AccessDB
A2: Table Name | B2: MEMORY | C2: memory_l2u | D2: B=C? | E2: [07-Memory] | F2: C=E? | H2: No | I2: AccessDB left | J2: Comment
A3: Field List | B3: accesstime | C3: accesstime | D3: =IF(B3=C3,"Y","N") -> Y | E3: accesstime | F3: =IF(C3=E3,"Y","N") -> Y | H3: 1 | I3: activepartsid | J3: =VLOOKUP(I3,'01-Capacitors'!I:J,2,FALSE) -> Empty
B4: ad_alt_footprint | C4: ad_alt_footprint | D4: =IF(B4=C4,"Y","N") -> Y | E4: ad_alt_footprint | F4: =IF(C4=E4,"Y","N") -> Y | H4: 2 | I4: alt_symbols_cp | J4: =VLOOKUP(I4,'01-Capacitors'!I:J,2,FALSE) -> Empty
B5: ad_footprint | C5: ad_footprint | D5: =IF(B5=C5,"Y","N") -> Y | E5: ad_footprint | F5: =IF(C5=E5,"Y","N") -> Y | H5: 3 | I5: bqr_partnum_mil | J5: =VLOOKUP(I5,'01-Capacitors'!I:J,2,FALSE) -> Empty
B6: ad_symbol | C6: ad_symbol | D6: =IF(B6=C6,"Y","N") -> Y | E6: ad_symbol | F6: =IF(C6=E6,"Y","N") -> Y | H6: 4 | I6: bqr_partnum_sie | J6: =VLOOKUP(I6,'01-Capacitors'!I:J,2,FALSE) -> Empty
B7: alt_symbols | C7: alt_symbols | D7: =IF(B7=C7,"Y","N") -> Y | E7: alt_symbols | F7: =IF(C7=E7,"Y","N") -> Y | H7: 5 | I7: class | J7: =VLOOKUP(I7,'01-Capacitors'!I:J,2,FALSE) -> some with "DISCRETE" value
B8: annualconsumption | C8: annualconsumption | D8: =IF(B8=C8,"Y","N") -> Y | E8: annualconsumption | F8: =IF(C8=E8,"Y","N") -> Y | H8: 6 | I8: compmaterial | J8: =VLOOKUP(I8,'01-Capacitors'!I:J,2,FALSE) -> Empty
B9: approvals_of_part | C9: approvals_of_part | D9: =IF(B9=C9,"Y","N") -> Y | E9: approvals of part | F9: =IF(C9=E9,"Y","N") -> N | H9: 7 | I9: comptype | J9: =VLOOKUP(I9,'01-Capacitors'!I:J,2,FALSE) -> Empty
B10: approvals_required | C10: approvals_required | D10: =IF(B10=C10,"Y","N") -> Y | E10: approvals required | F10: =IF(C10=E10,"Y","N") -> N | H10: 8 | I10: further_information | J10: =VLOOKUP(I10,'01-Capacitors'!I:J,2,FALSE) -> Empty
B11: datasheet_1 | C11: datasheet_1 | D11: =IF(B11=C11,"Y","N") -> Y | E11: datasheet 1 | F11: =IF(C11=E11,"Y","N") -> N | H11: 9 | I11: mechmodell | J11: =VLOOKUP(I11,'01-Capacitors'!I:J,2,FALSE) -> Empty
B12: datasheet_2 | C12: datasheet_2 | D12: =IF(B12=C12,"Y","N") -> Y | E12: datasheet 2 | F12: =IF(C12=E12,"Y","N") -> N | H12: 10 | I12: parthistory | J12: =VLOOKUP(I12,'01-Capacitors'!I:J,2,FALSE) -> Empty
B13: datasheet_3 | C13: datasheet_3 | D13: =IF(B13=C13,"Y","N") -> Y | E13: datasheet 3 | F13: =IF(C13=E13,"Y","N") -> N | H13: 11 | I13: pcb_footprint_cp | J13: =VLOOKUP(I13,'01-Capacitors'!I:J,2,FALSE) -> Empty
B14: datasheet_4 | C14: datasheet_4 | D14: =IF(B14=C14,"Y","N") -> Y | E14: datasheet 4 | F14: =IF(C14=E14,"Y","N") -> N | H14: 12 | I14: pspicetemp | J14: =VLOOKUP(I14,'01-Capacitors'!I:J,2,FALSE) -> Empty
B15: datasheet_5 | C15: datasheet_5 | D15: =IF(B15=C15,"Y","N") -> Y | E15: datasheet 5 | F15: =IF(C15=E15,"Y","N") -> N | H15: 13 | I15: restrictedsubstances | J15: =VLOOKUP(I15,'01-Capacitors'!I:J,2,FALSE) -> Empty
... B23: height | C23: height | D23: =IF(B23=C23,"Y","N") -> Y | E23: height | F23: =IF(C23=E23,"Y","N") -> Y | H23: 21 | I23: thetajb | J23: =VLOOKUP(I23,'01-Capacitors'!I:J,2,FALSE) -> Empty
B24: id | C24: id | D24: =IF(B24=C24,"Y","N") -> Y | F24: =IF(C24=E24,"Y","N") -> N | G24: Should use "id" for new Table | H24: 22 | I24: thetajc | J24: =VLOOKUP(I24,'01-Capacitors'!I:J,2,FALSE) -> Empty
B25: implementation | C25: implementation | D25: =IF(B25=C25,"Y","N") -> Y | E25: implementation | F25: =IF(C25=E25,"Y","N") -> Y
B26: in_approved_devices | C26: in_approved_devices | D26: =IF(B26=C26,"Y","N") -> Y | E26: in approved devices | F26: =IF(C26=E26,"Y","N") -> N
B27: manufact_1 | C27: manufact_1 | D27: =IF(B27=C27,"Y","N") -> Y | E27: manufact 1 | F27: =IF(C27=E27,"Y","N") -> N
B28: manufact_2 | C28: manufact_2 | D28: =IF(B28=C28,"Y","N") -> Y | E28: manufact 2 | F28: =IF(C28=E28,"Y","N") -> N
B29: manufact_3 | C29: manufact_3 | D29: =IF(B29=C29,"Y","N") -> Y | E29: manufact 3 | F29: =IF(C29=E29,"Y","N") -> N
B30: manufact_4 | C30: manufact_4 | D30: =IF(B30=C30,"Y","N") -> Y | E30: manufact 4 | F30: =IF(C30=E30,"Y","N") -> N
B31: manufact_5 | C31: manufact_5 | D31: =IF(B31=C31,"Y","N") -> Y | E31: manufact 5 | F31: =IF(C31=E31,"Y","N") -> N
B32: manufact_6 | C32: manufact_6 | D32: =IF(B32=C32,"Y","N") -> Y | E32: manufact 6 | F32: =IF(C32=E32,"Y","N") -> N
B33: manufact_7 | C33: manufact_7 | D33: =IF(B33=C33,"Y","N") -> Y | E33: manufact 7 | F33: =IF(C33=E33,"Y","N") -> N
B34: manufact_partnum_1 | C34: manufact_partnum_1 | D34: =IF(B34=C34,"Y","N") -> Y | E34: manufact partnum 1 | F34: =IF(C34=E34,"Y","N") -> N
B35: manufact_partnum_2 | C35: manufact_partnum_2 | D35: =IF(B35=C35,"Y","N") -> Y | E35: manufact partnum 2 | F35: =IF(C35=E35,"Y","N") -> N
B36: manufact_partnum_3 | C36: manufact_partnum_3 | D36: =IF(B36=C36,"Y","N") -> Y | E36: manufact partnum 3 | F36: =IF(C36=E36,"Y","N") -> N
... B70: vcc | C70: vcc | D70: =IF(B70=C70,"Y","N") -> Y | E70: vcc | F70: =IF(C70=E70,"Y","N") -> Y

Sheet 08-ICs_analog
A1: DB Name | B1: TABLES_SAPMaxDB | C1: TABLES_PostgreSQLDB | E1: TABLES_AccessDB
A2: Table Name | B2: ICS_ANALOG | C2: ics_analog_l2u | D2: B=C? | E2: [08-ICs_analog] | F2: C=E? | H2: No | I2: AccessDB left | J2: Comment
A3: Field List | B3: ad_alt_footprint | C3: ad_alt_footprint | D3: =IF(B3=C3,"Y","N") -> Y | E3: ad_alt_footprint | F3: =IF(C3=E3,"Y","N") -> Y | H3: 1 | I3: activepartsid | J3: =VLOOKUP(I3,'01-Capacitors'!I:J,2,FALSE) -> Empty
B4: ad_footprint | C4: ad_footprint | D4: =IF(B4=C4,"Y","N") -> Y | E4: ad_footprint | F4: =IF(C4=E4,"Y","N") -> Y | H4: 2 | I4: alt_symbols_cp | J4: =VLOOKUP(I4,'01-Capacitors'!I:J,2,FALSE) -> Empty
B5: ad_symbol | C5: ad_symbol | D5: =IF(B5=C5,"Y","N") -> Y | E5: ad_symbol | F5: =IF(C5=E5,"Y","N") -> Y | H5: 3 | I5: bqr_partnum_mil | J5: =VLOOKUP(I5,'01-Capacitors'!I:J,2,FALSE) -> Empty
B6: alt_symbols | C6: alt_symbols | D6: =IF(B6=C6,"Y","N") -> Y | E6: alt_symbols | F6: =IF(C6=E6,"Y","N") -> Y | H6: 4 | I6: bqr_partnum_sie | J6: =VLOOKUP(I6,'01-Capacitors'!I:J,2,FALSE) -> Empty
B7: annualconsumption | C7: annualconsumption | D7: =IF(B7=C7,"Y","N") -> Y | E7: annualconsumption | F7: =IF(C7=E7,"Y","N") -> Y | H7: 5 | I7: class | J7: =VLOOKUP(I7,'01-Capacitors'!I:J,2,FALSE) -> some with "DISCRETE" value
B8: approvals_of_part | C8: approvals_of_part | D8: =IF(B8=C8,"Y","N") -> Y | E8: approvals of part | F8: =IF(C8=E8,"Y","N") -> N | H8: 6 | I8: compmaterial | J8: =VLOOKUP(I8,'01-Capacitors'!I:J,2,FALSE) -> Empty
B9: approvals_required | C9: approvals_required | D9: =IF(B9=C9,"Y","N") -> Y | E9: approvals required | F9: =IF(C9=E9,"Y","N") -> N | H9: 7 | I9: comptype | J9: =VLOOKUP(I9,'01-Capacitors'!I:J,2,FALSE) -> Empty
B10: datasheet_1 | C10: datasheet_1 | D10: =IF(B10=C10,"Y","N") -> Y | E10: datasheet 1 | F10: =IF(C10=E10,"Y","N") -> N | H10: 8 | I10: further_information | J10: =VLOOKUP(I10,'01-Capacitors'!I:J,2,FALSE) -> Empty
B11: datasheet_2 | C11: datasheet_2 | D11: =IF(B11=C11,"Y","N") -> Y | E11: datasheet 2 | F11: =IF(C11=E11,"Y","N") -> N | H11: 9 | I11: mechmodell | J11: =VLOOKUP(I11,'01-Capacitors'!I:J,2,FALSE) -> Empty
B12: datasheet_3 | C12: datasheet_3 | D12: =IF(B12=C12,"Y","N") -> Y | E12: datasheet 3 | F12: =IF(C12=E12,"Y","N") -> N | H12: 10 | I12: parthistory | J12: =VLOOKUP(I12,'01-Capacitors'!I:J,2,FALSE) -> Empty
B13: datasheet_4 | C13: datasheet_4 | D13: =IF(B13=C13,"Y","N") -> Y | E13: datasheet 4 | F13: =IF(C13=E13,"Y","N") -> N | H13: 11 | I13: pcb_footprint_cp | J13: =VLOOKUP(I13,'01-Capacitors'!I:J,2,FALSE) -> Empty
B14: datasheet_5 | C14: datasheet_5 | D14: =IF(B14=C14,"Y","N") -> Y | E14: datasheet 5 | F14: =IF(C14=E14,"Y","N") -> N | H14: 12 | I14: pspicetemp | J14: =VLOOKUP(I14,'01-Capacitors'!I:J,2,FALSE) -> Empty
B15: datasheet_6 | C15: datasheet_6 | D15: =IF(B15=C15,"Y","N") -> Y | E15: datasheet 6 | F15: =IF(C15=E15,"Y","N") -> N | H15: 13 | I15: restrictedsubstances | J15: =VLOOKUP(I15,'01-Capacitors'!I:J,2,FALSE) -> Empty
... B22: height | C22: height | D22: =IF(B22=C22,"Y","N") -> Y | E22: height | F22: =IF(C22=E22,"Y","N") -> Y | H22: 20 | I22: soldertemperatur_wave | J22: =VLOOKUP(I22,'01-Capacitors'!I:J,2,FALSE) -> Empty
B23: id | C23: id | D23: =IF(B23=C23,"Y","N") -> Y | F23: =IF(C23=E23,"Y","N") -> N | G23: Should use "id" for new Table | H23: 21 | I23: thetajb | J23: =VLOOKUP(I23,'01-Capacitors'!I:J,2,FALSE) -> Empty
B24: implementation | C24: implementation | D24: =IF(B24=C24,"Y","N") -> Y | E24: implementation | F24: =IF(C24=E24,"Y","N") -> Y | H24: 22 | I24: thetajc | J24: =VLOOKUP(I24,'01-Capacitors'!I:J,2,FALSE) -> Empty
B25: in_approved_devices | C25: in_approved_devices | D25: =IF(B25=C25,"Y","N") -> Y | E25: in approved devices | F25: =IF(C25=E25,"Y","N") -> N
B26: manufact_1 | C26: manufact_1 | D26: =IF(B26=C26,"Y","N") -> Y | E26: manufact 1 | F26: =IF(C26=E26,"Y","N") -> N
B27: manufact_2 | C27: manufact_2 | D27: =IF(B27=C27,"Y","N") -> Y | E27: manufact 2 | F27: =IF(C27=E27,"Y","N") -> N
B28: manufact_3 | C28: manufact_3 | D28: =IF(B28=C28,"Y","N") -> Y | E28: manufact 3 | F28: =IF(C28=E28,"Y","N") -> N
B29: manufact_4 | C29: manufact_4 | D29: =IF(B29=C29,"Y","N") -> Y | E29: manufact 4 | F29: =IF(C29=E29,"Y","N") -> N
B30: manufact_5 | C30: manufact_5 | D30: =IF(B30=C30,"Y","N") -> Y | E30: manufact 5 | F30: =IF(C30=E30,"Y","N") -> N
B31: manufact_6 | C31: manufact_6 | D31: =IF(B31=C31,"Y","N") -> Y | E31: manufact 6 | F31: =IF(C31=E31,"Y","N") -> N
B32: manufact_7 | C32: manufact_7 | D32: =IF(B32=C32,"Y","N") -> Y | E32: manufact 7 | F32: =IF(C32=E32,"Y","N") -> N
B33: manufact_partnum_1 | C33: manufact_partnum_1 | D33: =IF(B33=C33,"Y","N") -> Y | E33: manufact partnum 1 | F33: =IF(C33=E33,"Y","N") -> N
B34: manufact_partnum_2 | C34: manufact_partnum_2 | D34: =IF(B34=C34,"Y","N") -> Y | E34: manufact partnum 2 | F34: =IF(C34=E34,"Y","N") -> N
B35: manufact_partnum_3 | C35: manufact_partnum_3 | D35: =IF(B35=C35,"Y","N") -> Y | E35: manufact partnum 3 | F35: =IF(C35=E35,"Y","N") -> N
B36: manufact_partnum_4 | C36: manufact_partnum_4 | D36: =IF(B36=C36,"Y","N") -> Y | E36: manufact partnum 4 | F36: =IF(C36=E36,"Y","N") -> N
... B68: vcc | C68: vcc | D68: =IF(B68=C68,"Y","N") -> Y | E68: vcc | F68: =IF(C68=E68,"Y","N") -> Y

Sheet 09-Regulators
A1: DB Name | B1: TABLES_SAPMaxDB | C1: TABLES_PostgreSQLDB | E1: TABLES_AccessDB
A2: Table Name | B2: REGULATORS | C2: regulators_l2u | D2: B=C? | E2: [09-Regulators] | F2: C=E? | H2: No | I2: AccessDB left | J2: Comment
A3: Field List | B3: ad_alt_footprint | C3: ad_alt_footprint | D3: =IF(B3=C3,"Y","N") -> Y | E3: ad_alt_footprint | F3: =IF(C3=E3,"Y","N") -> Y | H3: 1 | I3: activepartsid | J3: =VLOOKUP(I3,'01-Capacitors'!I:J,2,FALSE) -> Empty
B4: ad_footprint | C4: ad_footprint | D4: =IF(B4=C4,"Y","N") -> Y | E4: ad_footprint | F4: =IF(C4=E4,"Y","N") -> Y | H4: 2 | I4: alt_symbols_cp | J4: =VLOOKUP(I4,'01-Capacitors'!I:J,2,FALSE) -> Empty
B5: ad_symbol | C5: ad_symbol | D5: =IF(B5=C5,"Y","N") -> Y | E5: ad_symbol | F5: =IF(C5=E5,"Y","N") -> Y | H5: 3 | I5: bqr_partnum_mil | J5: =VLOOKUP(I5,'01-Capacitors'!I:J,2,FALSE) -> Empty
B6: alt_symbols | C6: alt_symbols | D6: =IF(B6=C6,"Y","N") -> Y | E6: alt_symbols | F6: =IF(C6=E6,"Y","N") -> Y | H6: 4 | I6: bqr_partnum_sie | J6: =VLOOKUP(I6,'01-Capacitors'!I:J,2,FALSE) -> Empty
B7: annualconsumption | C7: annualconsumption | D7: =IF(B7=C7,"Y","N") -> Y | E7: annualconsumption | F7: =IF(C7=E7,"Y","N") -> Y | H7: 5 | I7: class | J7: =VLOOKUP(I7,'01-Capacitors'!I:J,2,FALSE) -> some with "DISCRETE" value
B8: approvals_of_part | C8: approvals_of_part | D8: =IF(B8=C8,"Y","N") -> Y | E8: approvals of part | F8: =IF(C8=E8,"Y","N") -> N | H8: 6 | I8: compmaterial | J8: =VLOOKUP(I8,'01-Capacitors'!I:J,2,FALSE) -> Empty
B9: approvals_required | C9: approvals_required | D9: =IF(B9=C9,"Y","N") -> Y | E9: approvals required | F9: =IF(C9=E9,"Y","N") -> N | H9: 7 | I9: comptype | J9: =VLOOKUP(I9,'01-Capacitors'!I:J,2,FALSE) -> Empty
B10: datasheet_1 | C10: datasheet_1 | D10: =IF(B10=C10,"Y","N") -> Y | E10: datasheet 1 | F10: =IF(C10=E10,"Y","N") -> N | H10: 8 | I10: further_information | J10: =VLOOKUP(I10,'01-Capacitors'!I:J,2,FALSE) -> Empty
B11: datasheet_2 | C11: datasheet_2 | D11: =IF(B11=C11,"Y","N") -> Y | E11: datasheet 2 | F11: =IF(C11=E11,"Y","N") -> N | H11: 9 | I11: mechmodell | J11: =VLOOKUP(I11,'01-Capacitors'!I:J,2,FALSE) -> Empty
B12: datasheet_3 | C12: datasheet_3 | D12: =IF(B12=C12,"Y","N") -> Y | E12: datasheet 3 | F12: =IF(C12=E12,"Y","N") -> N | H12: 10 | I12: parthistory | J12: =VLOOKUP(I12,'01-Capacitors'!I:J,2,FALSE) -> Empty
B13: datasheet_4 | C13: datasheet_4 | D13: =IF(B13=C13,"Y","N") -> Y | E13: datasheet 4 | F13: =IF(C13=E13,"Y","N") -> N | H13: 11 | I13: pcb_footprint_cp | J13: =VLOOKUP(I13,'01-Capacitors'!I:J,2,FALSE) -> Empty
B14: datasheet_5 | C14: datasheet_5 | D14: =IF(B14=C14,"Y","N") -> Y | E14: datasheet 5 | F14: =IF(C14=E14,"Y","N") -> N | H14: 12 | I14: pspicetemp | J14: =VLOOKUP(I14,'01-Capacitors'!I:J,2,FALSE) -> Empty
B15: datasheet_6 | C15: datasheet_6 | D15: =IF(B15=C15,"Y","N") -> Y | E15: datasheet 6 | F15: =IF(C15=E15,"Y","N") -> N | H15: 13 | I15: restrictedsubstances | J15: =VLOOKUP(I15,'01-Capacitors'!I:J,2,FALSE) -> Empty
... B22: height | C22: height | D22: =IF(B22=C22,"Y","N") -> Y | E22: height | F22: =IF(C22=E22,"Y","N") -> Y | H22: 20 | I22: soldertemperatur_wave | J22: =VLOOKUP(I22,'01-Capacitors'!I:J,2,FALSE) -> Empty
B23: id | C23: id | D23: =IF(B23=C23,"Y","N") -> Y | F23: =IF(C23=E23,"Y","N") -> N | G23: Should use "id" for new Table | H23: 21 | I23: thetajb | J23: =VLOOKUP(I23,'01-Capacitors'!I:J,2,FALSE) -> Empty
B24: implementation | C24: implementation | D24: =IF(B24=C24,"Y","N") -> Y | E24: implementation | F24: =IF(C24=E24,"Y","N") -> Y | H24: 22 | I24: thetajc | J24: =VLOOKUP(I24,'01-Capacitors'!I:J,2,FALSE) -> Empty
B25: in_approved_devices | C25: in_approved_devices | D25: =IF(B25=C25,"Y","N") -> Y | E25: in approved devices | F25: =IF(C25=E25,"Y","N") -> N
B26: manufact_1 | C26: manufact_1 | D26: =IF(B26=C26,"Y","N") -> Y | E26: manufact 1 | F26: =IF(C26=E26,"Y","N") -> N
B27: manufact_2 | C27: manufact_2 | D27: =IF(B27=C27,"Y","N") -> Y | E27: manufact 2 | F27: =IF(C27=E27,"Y","N") -> N
B28: manufact_3 | C28: manufact_3 | D28: =IF(B28=C28,"Y","N") -> Y | E28: manufact 3 | F28: =IF(C28=E28,"Y","N") -> N
B29: manufact_4 | C29: manufact_4 | D29: =IF(B29=C29,"Y","N") -> Y | E29: manufact 4 | F29: =IF(C29=E29,"Y","N") -> N
B30: manufact_5 | C30: manufact_5 | D30: =IF(B30=C30,"Y","N") -> Y | E30: manufact 5 | F30: =IF(C30=E30,"Y","N") -> N
B31: manufact_6 | C31: manufact_6 | D31: =IF(B31=C31,"Y","N") -> Y | E31: manufact 6 | F31: =IF(C31=E31,"Y","N") -> N
B32: manufact_7 | C32: manufact_7 | D32: =IF(B32=C32,"Y","N") -> Y | E32: manufact 7 | F32: =IF(C32=E32,"Y","N") -> N
B33: manufact_partnum_1 | C33: manufact_partnum_1 | D33: =IF(B33=C33,"Y","N") -> Y | E33: manufact partnum 1 | F33: =IF(C33=E33,"Y","N") -> N
B34: manufact_partnum_2 | C34: manufact_partnum_2 | D34: =IF(B34=C34,"Y","N") -> Y | E34: manufact partnum 2 | F34: =IF(C34=E34,"Y","N") -> N
B35: manufact_partnum_3 | C35: manufact_partnum_3 | D35: =IF(B35=C35,"Y","N") -> Y | E35: manufact partnum 3 | F35: =IF(C35=E35,"Y","N") -> N
B36: manufact_partnum_4 | C36: manufact_partnum_4 | D36: =IF(B36=C36,"Y","N") -> Y | E36: manufact partnum 4 | F36: =IF(C36=E36,"Y","N") -> N
... B68: vcc | C68: vcc | D68: =IF(B68=C68,"Y","N") -> Y | E68: vcc | F68: =IF(C68=E68,"Y","N") -> Y

Sheet 10-Converters
A1: DB Name | B1: TABLES_SAPMaxDB | C1: TABLES_PostgreSQLDB | E1: TABLES_AccessDB
A2: Table Name | B2: CONVERTERS | C2: converters_l2u | D2: B=C? | E2: [10-Converters] | F2: C=E? | H2: No | I2: AccessDB left | J2: Comment
A3: Field List | B3: ad_alt_footprint | C3: ad_alt_footprint | D3: =IF(B3=C3,"Y","N") -> Y | E3: ad_alt_footprint | F3: =IF(C3=E3,"Y","N") -> Y | H3: 1 | I3: activepartsid | J3: =VLOOKUP(I3,'01-Capacitors'!I:J,2,FALSE) -> Empty
B4: ad_footprint | C4: ad_footprint | D4: =IF(B4=C4,"Y","N") -> Y | E4: ad_footprint | F4: =IF(C4=E4,"Y","N") -> Y | H4: 2 | I4: alt_symbols_cp | J4: =VLOOKUP(I4,'01-Capacitors'!I:J,2,FALSE) -> Empty
B5: ad_symbol | C5: ad_symbol | D5: =IF(B5=C5,"Y","N") -> Y | E5: ad_symbol | F5: =IF(C5=E5,"Y","N") -> Y | H5: 3 | I5: bqr_partnum_mil | J5: =VLOOKUP(I5,'01-Capacitors'!I:J,2,FALSE) -> Empty
B6: alt_symbols | C6: alt_symbols | D6: =IF(B6=C6,"Y","N") -> Y | E6: alt_symbols | F6: =IF(C6=E6,"Y","N") -> Y | H6: 4 | I6: bqr_partnum_sie | J6: =VLOOKUP(I6,'01-Capacitors'!I:J,2,FALSE) -> Empty
B7: annualconsumption | C7: annualconsumption | D7: =IF(B7=C7,"Y","N") -> Y | E7: annualconsumption | F7: =IF(C7=E7,"Y","N") -> Y | H7: 5 | I7: class | J7: =VLOOKUP(I7,'01-Capacitors'!I:J,2,FALSE) -> some with "DISCRETE" value
B8: approvals_of_part | C8: approvals_of_part | D8: =IF(B8=C8,"Y","N") -> Y | E8: approvals of part | F8: =IF(C8=E8,"Y","N") -> N | H8: 6 | I8: compmaterial | J8: =VLOOKUP(I8,'01-Capacitors'!I:J,2,FALSE) -> Empty
B9: approvals_required | C9: approvals_required | D9: =IF(B9=C9,"Y","N") -> Y | E9: approvals required | F9: =IF(C9=E9,"Y","N") -> N | H9: 7 | I9: comptype | J9: =VLOOKUP(I9,'01-Capacitors'!I:J,2,FALSE) -> Empty
B10: datasheet_1 | C10: datasheet_1 | D10: =IF(B10=C10,"Y","N") -> Y | E10: datasheet 1 | F10: =IF(C10=E10,"Y","N") -> N | H10: 8 | I10: further_information | J10: =VLOOKUP(I10,'01-Capacitors'!I:J,2,FALSE) -> Empty
B11: datasheet_2 | C11: datasheet_2 | D11: =IF(B11=C11,"Y","N") -> Y | E11: datasheet 2 | F11: =IF(C11=E11,"Y","N") -> N | H11: 9 | I11: mechmodell | J11: =VLOOKUP(I11,'01-Capacitors'!I:J,2,FALSE) -> Empty
B12: datasheet_3 | C12: datasheet_3 | D12: =IF(B12=C12,"Y","N") -> Y | E12: datasheet 3 | F12: =IF(C12=E12,"Y","N") -> N | H12: 10 | I12: parthistory | J12: =VLOOKUP(I12,'01-Capacitors'!I:J,2,FALSE) -> Empty
B13: datasheet_4 | C13: datasheet_4 | D13: =IF(B13=C13,"Y","N") -> Y | E13: datasheet 4 | F13: =IF(C13=E13,"Y","N") -> N | H13: 11 | I13: pcb_footprint_cp | J13: =VLOOKUP(I13,'01-Capacitors'!I:J,2,FALSE) -> Empty
B14: datasheet_5 | C14: datasheet_5 | D14: =IF(B14=C14,"Y","N") -> Y | E14: datasheet 5 | F14: =IF(C14=E14,"Y","N") -> N | H14: 12 | I14: pspicetemp | J14: =VLOOKUP(I14,'01-Capacitors'!I:J,2,FALSE) -> Empty
B15: datasheet_6 | C15: datasheet_6 | D15: =IF(B15=C15,"Y","N") -> Y | E15: datasheet 6 | F15: =IF(C15=E15,"Y","N") -> N | H15: 13 | I15: restrictedsubstances | J15: =VLOOKUP(I15,'01-Capacitors'!I:J,2,FALSE) -> Empty
... B22: height | C22: height | D22: =IF(B22=C22,"Y","N") -> Y | E22: height | F22: =IF(C22=E22,"Y","N") -> Y | H22: 20 | I22: soldertemperatur_wave | J22: =VLOOKUP(I22,'01-Capacitors'!I:J,2,FALSE) -> Empty
B23: id | C23: id | D23: =IF(B23=C23,"Y","N") -> Y | F23: =IF(C23=E23,"Y","N") -> N | G23: Should use "id" for new Table | H23: 21 | I23: thetajb | J23: =VLOOKUP(I23,'01-Capacitors'!I:J,2,FALSE) -> Empty
B24: implementation | C24: implementation | D24: =IF(B24=C24,"Y","N") -> Y | E24: implementation | F24: =IF(C24=E24,"Y","N") -> Y | H24: 22 | I24: thetajc | J24: =VLOOKUP(I24,'01-Capacitors'!I:J,2,FALSE) -> Empty
B25: in_approved_devices | C25: in_approved_devices | D25: =IF(B25=C25,"Y","N") -> Y | E25: in approved devices | F25: =IF(C25=E25,"Y","N") -> N
B26: manufact_1 | C26: manufact_1 | D26: =IF(B26=C26,"Y","N") -> Y | E26: manufact 1 | F26: =IF(C26=E26,"Y","N") -> N
B27: manufact_2 | C27: manufact_2 | D27: =IF(B27=C27,"Y","N") -> Y | E27: manufact 2 | F27: =IF(C27=E27,"Y","N") -> N
B28: manufact_3 | C28: manufact_3 | D28: =IF(B28=C28,"Y","N") -> Y | E28: manufact 3 | F28: =IF(C28=E28,"Y","N") -> N
B29: manufact_4 | C29: manufact_4 | D29: =IF(B29=C29,"Y","N") -> Y | E29: manufact 4 | F29: =IF(C29=E29,"Y","N") -> N
B30: manufact_5 | C30: manufact_5 | D30: =IF(B30=C30,"Y","N") -> Y | E30: manufact 5 | F30: =IF(C30=E30,"Y","N") -> N
B31: manufact_6 | C31: manufact_6 | D31: =IF(B31=C31,"Y","N") -> Y | E31: manufact 6 | F31: =IF(C31=E31,"Y","N") -> N
B32: manufact_7 | C32: manufact_7 | D32: =IF(B32=C32,"Y","N") -> Y | E32: manufact 7 | F32: =IF(C32=E32,"Y","N") -> N
B33: manufact_partnum_1 | C33: manufact_partnum_1 | D33: =IF(B33=C33,"Y","N") -> Y | E33: manufact partnum 1 | F33: =IF(C33=E33,"Y","N") -> N
B34: manufact_partnum_2 | C34: manufact_partnum_2 | D34: =IF(B34=C34,"Y","N") -> Y | E34: manufact partnum 2 | F34: =IF(C34=E34,"Y","N") -> N
B35: manufact_partnum_3 | C35: manufact_partnum_3 | D35: =IF(B35=C35,"Y","N") -> Y | E35: manufact partnum 3 | F35: =IF(C35=E35,"Y","N") -> N
B36: manufact_partnum_4 | C36: manufact_partnum_4 | D36: =IF(B36=C36,"Y","N") -> Y | E36: manufact partnum 4 | F36: =IF(C36=E36,"Y","N") -> N
... B68: vcc | C68: vcc | D68: =IF(B68=C68,"Y","N") -> Y | E68: vcc | F68: =IF(C68=E68,"Y","N") -> Y

Sheet 11-OP_Amps
A1: DB Name | B1: TABLES_SAPMaxDB | C1: TABLES_PostgreSQLDB | E1: TABLES_AccessDB
A2: Table Name | B2: OP_AMPS | C2: op_amps_l2u | D2: B=C? | E2: [11-OP_Amps] | F2: C=E? | H2: No | I2: AccessDB left | J2: Comment
A3: Field List | B3: ad_alt_footprint | C3: ad_alt_footprint | D3: =IF(B3=C3,"Y","N") -> Y | E3: ad_alt_footprint | F3: =IF(C3=E3,"Y","N") -> Y | H3: 1 | I3: activepartsid | J3: =VLOOKUP(I3,'01-Capacitors'!I:J,2,FALSE) -> Empty
B4: ad_footprint | C4: ad_footprint | D4: =IF(B4=C4,"Y","N") -> Y | E4: ad_footprint | F4: =IF(C4=E4,"Y","N") -> Y | H4: 2 | I4: alt_symbols_cp | J4: =VLOOKUP(I4,'01-Capacitors'!I:J,2,FALSE) -> Empty
B5: ad_symbol | C5: ad_symbol | D5: =IF(B5=C5,"Y","N") -> Y | E5: ad_symbol | F5: =IF(C5=E5,"Y","N") -> Y | H5: 3 | I5: bqr_partnum_mil | J5: =VLOOKUP(I5,'01-Capacitors'!I:J,2,FALSE) -> Empty
B6: alt_symbols | C6: alt_symbols | D6: =IF(B6=C6,"Y","N") -> Y | E6: alt_symbols | F6: =IF(C6=E6,"Y","N") -> Y | H6: 4 | I6: bqr_partnum_sie | J6: =VLOOKUP(I6,'01-Capacitors'!I:J,2,FALSE) -> Empty
B7: annualconsumption | C7: annualconsumption | D7: =IF(B7=C7,"Y","N") -> Y | E7: annualconsumption | F7: =IF(C7=E7,"Y","N") -> Y | H7: 5 | I7: class | J7: =VLOOKUP(I7,'01-Capacitors'!I:J,2,FALSE) -> some with "DISCRETE" value
B8: approvals_of_part | C8: approvals_of_part | D8: =IF(B8=C8,"Y","N") -> Y | E8: approvals of part | F8: =IF(C8=E8,"Y","N") -> N | H8: 6 | I8: compmaterial | J8: =VLOOKUP(I8,'01-Capacitors'!I:J,2,FALSE) -> Empty
B9: approvals_required | C9: approvals_required | D9: =IF(B9=C9,"Y","N") -> Y | E9: approvals required | F9: =IF(C9=E9,"Y","N") -> N | H9: 7 | I9: comptype | J9: =VLOOKUP(I9,'01-Capacitors'!I:J,2,FALSE) -> Empty
B10: datasheet_1 | C10: datasheet_1 | D10: =IF(B10=C10,"Y","N") -> Y | E10: datasheet 1 | F10: =IF(C10=E10,"Y","N") -> N | H10: 8 | I10: further_information | J10: =VLOOKUP(I10,'01-Capacitors'!I:J,2,FALSE) -> Empty
B11: datasheet_2 | C11: datasheet_2 | D11: =IF(B11=C11,"Y","N") -> Y | E11: datasheet 2 | F11: =IF(C11=E11,"Y","N") -> N | H11: 9 | I11: mechmodell | J11: =VLOOKUP(I11,'01-Capacitors'!I:J,2,FALSE) -> Empty
B12: datasheet_3 | C12: datasheet_3 | D12: =IF(B12=C12,"Y","N") -> Y | E12: datasheet 3 | F12: =IF(C12=E12,"Y","N") -> N | H12: 10 | I12: parthistory | J12: =VLOOKUP(I12,'01-Capacitors'!I:J,2,FALSE) -> Empty
B13: datasheet_4 | C13: datasheet_4 | D13: =IF(B13=C13,"Y","N") -> Y | E13: datasheet 4 | F13: =IF(C13=E13,"Y","N") -> N | H13: 11 | I13: pcb_footprint_cp | J13: =VLOOKUP(I13,'01-Capacitors'!I:J,2,FALSE) -> Empty
B14: datasheet_5 | C14: datasheet_5 | D14: =IF(B14=C14,"Y","N") -> Y | E14: datasheet 5 | F14: =IF(C14=E14,"Y","N") -> N | H14: 12 | I14: pspicetemp | J14: =VLOOKUP(I14,'01-Capacitors'!I:J,2,FALSE) -> Empty
B15: datasheet_6 | C15: datasheet_6 | D15: =IF(B15=C15,"Y","N") -> Y | E15: datasheet 6 | F15: =IF(C15=E15,"Y","N") -> N | H15: 13 | I15: restrictedsubstances | J15: =VLOOKUP(I15,'01-Capacitors'!I:J,2,FALSE) -> Empty
... B22: height | C22: height | D22: =IF(B22=C22,"Y","N") -> Y | E22: height | F22: =IF(C22=E22,"Y","N") -> Y | H22: 20 | I22: soldertemperatur_wave | J22: =VLOOKUP(I22,'01-Capacitors'!I:J,2,FALSE) -> Empty
B23: icc | C23: icc | D23: =IF(B23=C23,"Y","N") -> Y | E23: icc | F23: =IF(C23=E23,"Y","N") -> Y | G23: Should use "id" for new Table | H23: 21 | I23: thetajb | J23: =VLOOKUP(I23,'01-Capacitors'!I:J,2,FALSE) -> Empty
B24: id | C24: id | D24: =IF(B24=C24,"Y","N") -> Y | F24: =IF(C24=E24,"Y","N") -> N | H24: 22 | I24: thetajc | J24: =VLOOKUP(I24,'01-Capacitors'!I:J,2,FALSE) -> Empty
B25: implementation | C25: implementation | D25: =IF(B25=C25,"Y","N") -> Y | E25: implementation | F25: =IF(C25=E25,"Y","N") -> Y
B26: in_approved_devices | C26: in_approved_devices | D26: =IF(B26=C26,"Y","N") -> Y | E26: in approved devices | F26: =IF(C26=E26,"Y","N") -> N
B27: manufact_1 | C27: manufact_1 | D27: =IF(B27=C27,"Y","N") -> Y | E27: manufact 1 | F27: =IF(C27=E27,"Y","N") -> N
B28: manufact_2 | C28: manufact_2 | D28: =IF(B28=C28,"Y","N") -> Y | E28: manufact 2 | F28: =IF(C28=E28,"Y","N") -> N
B29: manufact_3 | C29: manufact_3 | D29: =IF(B29=C29,"Y","N") -> Y | E29: manufact 3 | F29: =IF(C29=E29,"Y","N") -> N
B30: manufact_4 | C30: manufact_4 | D30: =IF(B30=C30,"Y","N") -> Y | E30: manufact 4 | F30: =IF(C30=E30,"Y","N") -> N
B31: manufact_5 | C31: manufact_5 | D31: =IF(B31=C31,"Y","N") -> Y | E31: manufact 5 | F31: =IF(C31=E31,"Y","N") -> N
B32: manufact_6 | C32: manufact_6 | D32: =IF(B32=C32,"Y","N") -> Y | E32: manufact 6 | F32: =IF(C32=E32,"Y","N") -> N
B33: manufact_7 | C33: manufact_7 | D33: =IF(B33=C33,"Y","N") -> Y | E33: manufact 7 | F33: =IF(C33=E33,"Y","N") -> N
B34: manufact_partnum_1 | C34: manufact_partnum_1 | D34: =IF(B34=C34,"Y","N") -> Y | E34: manufact partnum 1 | F34: =IF(C34=E34,"Y","N") -> N
B35: manufact_partnum_2 | C35: manufact_partnum_2 | D35: =IF(B35=C35,"Y","N") -> Y | E35: manufact partnum 2 | F35: =IF(C35=E35,"Y","N") -> N
B36: manufact_partnum_3 | C36: manufact_partnum_3 | D36: =IF(B36=C36,"Y","N") -> Y | E36: manufact partnum 3 | F36: =IF(C36=E36,"Y","N") -> N
... B70: vcc | C70: vcc | D70: =IF(B70=C70,"Y","N") -> Y | E70: vcc | F70: =IF(C70=E70,"Y","N") -> Y

Sheet 12-Magnetics
A1: DB Name | B1: TABLES_SAPMaxDB | C1: TABLES_PostgreSQLDB | E1: TABLES_AccessDB
A2: Table Name | B2: MAGNETICS | C2: magnetics_l2u | D2: B=C? | E2: [12-Magnetics] | F2: C=E? | H2: No | I2: AccessDB left | J2: Comment
A3: Field List | B3: ad_alt_footprint | C3: ad_alt_footprint | D3: =IF(B3=C3,"Y","N") -> Y | E3: ad_alt_footprint | F3: =IF(C3=E3,"Y","N") -> Y | H3: 1 | I3: activepartsid | J3: =VLOOKUP(I3,'01-Capacitors'!I:J,2,FALSE) -> Empty
B4: ad_footprint | C4: ad_footprint | D4: =IF(B4=C4,"Y","N") -> Y | E4: ad_footprint | F4: =IF(C4=E4,"Y","N") -> Y | H4: 2 | I4: alt_symbols_cp | J4: =VLOOKUP(I4,'01-Capacitors'!I:J,2,FALSE) -> Empty
B5: ad_symbol | C5: ad_symbol | D5: =IF(B5=C5,"Y","N") -> Y | E5: ad_symbol | F5: =IF(C5=E5,"Y","N") -> Y | H5: 3 | I5: bqr_partnum_mil | J5: =VLOOKUP(I5,'01-Capacitors'!I:J,2,FALSE) -> Empty
B6: alt_symbols | C6: alt_symbols | D6: =IF(B6=C6,"Y","N") -> Y | E6: alt_symbols | F6: =IF(C6=E6,"Y","N") -> Y | H6: 4 | I6: bqr_partnum_sie | J6: =VLOOKUP(I6,'01-Capacitors'!I:J,2,FALSE) -> Empty
B7: annualconsumption | C7: annualconsumption | D7: =IF(B7=C7,"Y","N") -> Y | E7: annualconsumption | F7: =IF(C7=E7,"Y","N") -> Y | H7: 5 | I7: class | J7: =VLOOKUP(I7,'01-Capacitors'!I:J,2,FALSE) -> some with "DISCRETE" value
B8: approvals_of_part | C8: approvals_of_part | D8: =IF(B8=C8,"Y","N") -> Y | E8: approvals of part | F8: =IF(C8=E8,"Y","N") -> N | H8: 6 | I8: compmaterial | J8: =VLOOKUP(I8,'01-Capacitors'!I:J,2,FALSE) -> Empty
B9: approvals_required | C9: approvals_required | D9: =IF(B9=C9,"Y","N") -> Y | E9: approvals required | F9: =IF(C9=E9,"Y","N") -> N | H9: 7 | I9: comptype | J9: =VLOOKUP(I9,'01-Capacitors'!I:J,2,FALSE) -> Empty
B10: datasheet_1 | C10: datasheet_1 | D10: =IF(B10=C10,"Y","N") -> Y | E10: datasheet 1 | F10: =IF(C10=E10,"Y","N") -> N | H10: 8 | I10: further_information | J10: =VLOOKUP(I10,'01-Capacitors'!I:J,2,FALSE) -> Empty
B11: datasheet_2 | C11: datasheet_2 | D11: =IF(B11=C11,"Y","N") -> Y | E11: datasheet 2 | F11: =IF(C11=E11,"Y","N") -> N | H11: 9 | I11: mechmodell | J11: =VLOOKUP(I11,'01-Capacitors'!I:J,2,FALSE) -> Empty
B12: datasheet_3 | C12: datasheet_3 | D12: =IF(B12=C12,"Y","N") -> Y | E12: datasheet 3 | F12: =IF(C12=E12,"Y","N") -> N | H12: 10 | I12: parthistory | J12: =VLOOKUP(I12,'01-Capacitors'!I:J,2,FALSE) -> Empty
B13: datasheet_4 | C13: datasheet_4 | D13: =IF(B13=C13,"Y","N") -> Y | E13: datasheet 4 | F13: =IF(C13=E13,"Y","N") -> N | H13: 11 | I13: pcb_footprint_cp | J13: =VLOOKUP(I13,'01-Capacitors'!I:J,2,FALSE) -> Empty
B14: datasheet_5 | C14: datasheet_5 | D14: =IF(B14=C14,"Y","N") -> Y | E14: datasheet 5 | F14: =IF(C14=E14,"Y","N") -> N | H14: 12 | I14: pspicetemp | J14: =VLOOKUP(I14,'01-Capacitors'!I:J,2,FALSE) -> Empty
B15: datasheet_6 | C15: datasheet_6 | D15: =IF(B15=C15,"Y","N") -> Y | E15: datasheet 6 | F15: =IF(C15=E15,"Y","N") -> N | H15: 13 | I15: restrictedsubstances | J15: =VLOOKUP(I15,'01-Capacitors'!I:J,2,FALSE) -> Empty
... B23: height | C23: height | D23: =IF(B23=C23,"Y","N") -> Y | E23: height | F23: =IF(C23=E23,"Y","N") -> Y | H23: 21 | I23: thetajb | J23: =VLOOKUP(I23,'01-Capacitors'!I:J,2,FALSE) -> Empty
B24: id | C24: id | D24: =IF(B24=C24,"Y","N") -> Y | F24: =IF(C24=E24,"Y","N") -> N | G24: Should use "id" for new Table | H24: 22 | I24: thetajc | J24: =VLOOKUP(I24,'01-Capacitors'!I:J,2,FALSE) -> Empty
B25: implementation | C25: implementation | D25: =IF(B25=C25,"Y","N") -> Y | E25: implementation | F25: =IF(C25=E25,"Y","N") -> Y
B26: in_approved_devices | C26: in_approved_devices | D26: =IF(B26=C26,"Y","N") -> Y | E26: in approved devices | F26: =IF(C26=E26,"Y","N") -> N
B27: manufact_1 | C27: manufact_1 | D27: =IF(B27=C27,"Y","N") -> Y | E27: manufact 1 | F27: =IF(C27=E27,"Y","N") -> N
B28: manufact_2 | C28: manufact_2 | D28: =IF(B28=C28,"Y","N") -> Y | E28: manufact 2 | F28: =IF(C28=E28,"Y","N") -> N
B29: manufact_3 | C29: manufact_3 | D29: =IF(B29=C29,"Y","N") -> Y | E29: manufact 3 | F29: =IF(C29=E29,"Y","N") -> N
B30: manufact_4 | C30: manufact_4 | D30: =IF(B30=C30,"Y","N") -> Y | E30: manufact 4 | F30: =IF(C30=E30,"Y","N") -> N
B31: manufact_5 | C31: manufact_5 | D31: =IF(B31=C31,"Y","N") -> Y | E31: manufact 5 | F31: =IF(C31=E31,"Y","N") -> N
B32: manufact_6 | C32: manufact_6 | D32: =IF(B32=C32,"Y","N") -> Y | E32: manufact 6 | F32: =IF(C32=E32,"Y","N") -> N
B33: manufact_7 | C33: manufact_7 | D33: =IF(B33=C33,"Y","N") -> Y | E33: manufact 7 | F33: =IF(C33=E33,"Y","N") -> N
B34: manufact_partnum_1 | C34: manufact_partnum_1 | D34: =IF(B34=C34,"Y","N") -> Y | E34: manufact partnum 1 | F34: =IF(C34=E34,"Y","N") -> N
B35: manufact_partnum_2 | C35: manufact_partnum_2 | D35: =IF(B35=C35,"Y","N") -> Y | E35: manufact partnum 2 | F35: =IF(C35=E35,"Y","N") -> N
B36: manufact_partnum_3 | C36: manufact_partnum_3 | D36: =IF(B36=C36,"Y","N") -> Y | E36: manufact partnum 3 | F36: =IF(C36=E36,"Y","N") -> N
... B71: value_1 | C71: value_1 | D71: =IF(B71=C71,"Y","N") -> Y | E71: value | F71: =IF(C71=E71,"Y","N") -> N

Sheet 13-Transformers
A1: DB Name | B1: TABLES_SAPMaxDB | C1: TABLES_PostgreSQLDB | E1: TABLES_AccessDB
A2: Table Name | B2: TRANSFORMERS | C2: transformers_l2u | D2: B=C? | E2: [13-Transformers] | F2: C=E? | H2: No | I2: AccessDB left | J2: Comment
A3: Field List | B3: ad_alt_footprint | C3: ad_alt_footprint | D3: =IF(B3=C3,"Y","N") -> Y | E3: ad_alt_footprint | F3: =IF(C3=E3,"Y","N") -> Y | H3: 1 | I3: activepartsid | J3: =VLOOKUP(I3,'01-Capacitors'!I:J,2,FALSE) -> Empty
B4: ad_footprint | C4: ad_footprint | D4: =IF(B4=C4,"Y","N") -> Y | E4: ad_footprint | F4: =IF(C4=E4,"Y","N") -> Y | H4: 2 | I4: alt_symbols_cp | J4: =VLOOKUP(I4,'01-Capacitors'!I:J,2,FALSE) -> Empty
B5: ad_symbol | C5: ad_symbol | D5: =IF(B5=C5,"Y","N") -> Y | E5: ad_symbol | F5: =IF(C5=E5,"Y","N") -> Y | H5: 3 | I5: bqr_partnum_mil | J5: =VLOOKUP(I5,'01-Capacitors'!I:J,2,FALSE) -> Empty
B6: alt_symbols | C6: alt_symbols | D6: =IF(B6=C6,"Y","N") -> Y | E6: alt_symbols | F6: =IF(C6=E6,"Y","N") -> Y | H6: 4 | I6: bqr_partnum_sie | J6: =VLOOKUP(I6,'01-Capacitors'!I:J,2,FALSE) -> Empty
B7: annualconsumption | C7: annualconsumption | D7: =IF(B7=C7,"Y","N") -> Y | E7: annualconsumption | F7: =IF(C7=E7,"Y","N") -> Y | H7: 5 | I7: class | J7: =VLOOKUP(I7,'01-Capacitors'!I:J,2,FALSE) -> some with "DISCRETE" value
B8: approvals_of_part | C8: approvals_of_part | D8: =IF(B8=C8,"Y","N") -> Y | E8: approvals of part | F8: =IF(C8=E8,"Y","N") -> N | H8: 6 | I8: compmaterial | J8: =VLOOKUP(I8,'01-Capacitors'!I:J,2,FALSE) -> Empty
B9: approvals_required | C9: approvals_required | D9: =IF(B9=C9,"Y","N") -> Y | E9: approvals required | F9: =IF(C9=E9,"Y","N") -> N | H9: 7 | I9: comptype | J9: =VLOOKUP(I9,'01-Capacitors'!I:J,2,FALSE) -> Empty
B10: datasheet_1 | C10: datasheet_1 | D10: =IF(B10=C10,"Y","N") -> Y | E10: datasheet 1 | F10: =IF(C10=E10,"Y","N") -> N | H10: 8 | I10: further_information | J10: =VLOOKUP(I10,'01-Capacitors'!I:J,2,FALSE) -> Empty
B11: datasheet_2 | C11: datasheet_2 | D11: =IF(B11=C11,"Y","N") -> Y | E11: datasheet 2 | F11: =IF(C11=E11,"Y","N") -> N | H11: 9 | I11: mechmodell | J11: =VLOOKUP(I11,'01-Capacitors'!I:J,2,FALSE) -> Empty
B12: datasheet_3 | C12: datasheet_3 | D12: =IF(B12=C12,"Y","N") -> Y | E12: datasheet 3 | F12: =IF(C12=E12,"Y","N") -> N | H12: 10 | I12: parthistory | J12: =VLOOKUP(I12,'01-Capacitors'!I:J,2,FALSE) -> Empty
B13: datasheet_4 | C13: datasheet_4 | D13: =IF(B13=C13,"Y","N") -> Y | E13: datasheet 4 | F13: =IF(C13=E13,"Y","N") -> N | H13: 11 | I13: pcb_footprint_cp | J13: =VLOOKUP(I13,'01-Capacitors'!I:J,2,FALSE) -> Empty
B14: datasheet_5 | C14: datasheet_5 | D14: =IF(B14=C14,"Y","N") -> Y | E14: datasheet 5 | F14: =IF(C14=E14,"Y","N") -> N | H14: 12 | I14: pspicetemp | J14: =VLOOKUP(I14,'01-Capacitors'!I:J,2,FALSE) -> Empty
B15: datasheet_6 | C15: datasheet_6 | D15: =IF(B15=C15,"Y","N") -> Y | E15: datasheet 6 | F15: =IF(C15=E15,"Y","N") -> N | H15: 13 | I15: restrictedsubstances | J15: =VLOOKUP(I15,'01-Capacitors'!I:J,2,FALSE) -> Empty
... B22: height | C22: height | D22: =IF(B22=C22,"Y","N") -> Y | E22: height | F22: =IF(C22=E22,"Y","N") -> Y | H22: 20 | I22: soldertemperatur_wave | J22: =VLOOKUP(I22,'01-Capacitors'!I:J,2,FALSE) -> Empty
B23: id | C23: id | D23: =IF(B23=C23,"Y","N") -> Y | F23: =IF(C23=E23,"Y","N") -> N | G23: Should use "id" for new Table | H23: 21 | I23: thetajb | J23: =VLOOKUP(I23,'01-Capacitors'!I:J,2,FALSE) -> Empty
B24: impedancetolerance | C24: impedancetolerance | D24: =IF(B24=C24,"Y","N") -> Y | E24: impedancetolerance | F24: =IF(C24=E24,"Y","N") -> Y | H24: 22 | I24: thetajc | J24: =VLOOKUP(I24,'01-Capacitors'!I:J,2,FALSE) -> Empty
B25: implementation | C25: implementation | D25: =IF(B25=C25,"Y","N") -> Y | E25: implementation | F25: =IF(C25=E25,"Y","N") -> Y
B26: in_approved_devices | C26: in_approved_devices | D26: =IF(B26=C26,"Y","N") -> Y | E26: in approved devices | F26: =IF(C26=E26,"Y","N") -> N
B27: manufact_1 | C27: manufact_1 | D27: =IF(B27=C27,"Y","N") -> Y | E27: manufact 1 | F27: =IF(C27=E27,"Y","N") -> N
B28: manufact_2 | C28: manufact_2 | D28: =IF(B28=C28,"Y","N") -> Y | E28: manufact 2 | F28: =IF(C28=E28,"Y","N") -> N
B29: manufact_3 | C29: manufact_3 | D29: =IF(B29=C29,"Y","N") -> Y | E29: manufact 3 | F29: =IF(C29=E29,"Y","N") -> N
B30: manufact_4 | C30: manufact_4 | D30: =IF(B30=C30,"Y","N") -> Y | E30: manufact 4 | F30: =IF(C30=E30,"Y","N") -> N
B31: manufact_5 | C31: manufact_5 | D31: =IF(B31=C31,"Y","N") -> Y | E31: manufact 5 | F31: =IF(C31=E31,"Y","N") -> N
B32: manufact_6 | C32: manufact_6 | D32: =IF(B32=C32,"Y","N") -> Y | E32: manufact 6 | F32: =IF(C32=E32,"Y","N") -> N
B33: manufact_7 | C33: manufact_7 | D33: =IF(B33=C33,"Y","N") -> Y | E33: manufact 7 | F33: =IF(C33=E33,"Y","N") -> N
B34: manufact_partnum_1 | C34: manufact_partnum_1 | D34: =IF(B34=C34,"Y","N") -> Y | E34: manufact partnum 1 | F34: =IF(C34=E34,"Y","N") -> N
B35: manufact_partnum_2 | C35: manufact_partnum_2 | D35: =IF(B35=C35,"Y","N") -> Y | E35: manufact partnum 2 | F35: =IF(C35=E35,"Y","N") -> N
B36: manufact_partnum_3 | C36: manufact_partnum_3 | D36: =IF(B36=C36,"Y","N") -> Y | E36: manufact partnum 3 | F36: =IF(C36=E36,"Y","N") -> N
... B71: windingratio | C71: windingratio | D71: =IF(B71=C71,"Y","N") -> Y | E71: windingratio | F71: =IF(C71=E71,"Y","N") -> Y

Sheet 14-Opto
A1: DB Name | B1: TABLES_SAPMaxDB | C1: TABLES_PostgreSQLDB | E1: TABLES_AccessDB
A2: Table Name | B2: OPTO | C2: opto_l2u | D2: B=C? | E2: [14-Opto] | F2: C=E? | H2: No | I2: AccessDB left | J2: Comment
A3: Field List | B3: ad_alt_footprint | C3: ad_alt_footprint | D3: =IF(B3=C3,"Y","N") -> Y | E3: ad_alt_footprint | F3: =IF(C3=E3,"Y","N") -> Y | H3: 1 | I3: activepartsid | J3: =VLOOKUP(I3,'01-Capacitors'!I:J,2,FALSE) -> Empty
B4: ad_footprint | C4: ad_footprint | D4: =IF(B4=C4,"Y","N") -> Y | E4: ad_footprint | F4: =IF(C4=E4,"Y","N") -> Y | H4: 2 | I4: alt_symbols_cp | J4: =VLOOKUP(I4,'01-Capacitors'!I:J,2,FALSE) -> Empty
B5: ad_symbol | C5: ad_symbol | D5: =IF(B5=C5,"Y","N") -> Y | E5: ad_symbol | F5: =IF(C5=E5,"Y","N") -> Y | H5: 3 | I5: bqr_partnum_mil | J5: =VLOOKUP(I5,'01-Capacitors'!I:J,2,FALSE) -> Empty
B6: alt_symbols | C6: alt_symbols | D6: =IF(B6=C6,"Y","N") -> Y | E6: alt_symbols | F6: =IF(C6=E6,"Y","N") -> Y | H6: 4 | I6: bqr_partnum_sie | J6: =VLOOKUP(I6,'01-Capacitors'!I:J,2,FALSE) -> Empty
B7: annualconsumption | C7: annualconsumption | D7: =IF(B7=C7,"Y","N") -> Y | E7: annualconsumption | F7: =IF(C7=E7,"Y","N") -> Y | H7: 5 | I7: class | J7: =VLOOKUP(I7,'01-Capacitors'!I:J,2,FALSE) -> some with "DISCRETE" value
B8: approvals_of_part | C8: approvals_of_part | D8: =IF(B8=C8,"Y","N") -> Y | E8: approvals of part | F8: =IF(C8=E8,"Y","N") -> N | H8: 6 | I8: compmaterial | J8: =VLOOKUP(I8,'01-Capacitors'!I:J,2,FALSE) -> Empty
B9: approvals_required | C9: approvals_required | D9: =IF(B9=C9,"Y","N") -> Y | E9: approvals required | F9: =IF(C9=E9,"Y","N") -> N | H9: 7 | I9: comptype | J9: =VLOOKUP(I9,'01-Capacitors'!I:J,2,FALSE) -> Empty
B10: datasheet_1 | C10: datasheet_1 | D10: =IF(B10=C10,"Y","N") -> Y | E10: datasheet 1 | F10: =IF(C10=E10,"Y","N") -> N | H10: 8 | I10: further_information | J10: =VLOOKUP(I10,'01-Capacitors'!I:J,2,FALSE) -> Empty
B11: datasheet_2 | C11: datasheet_2 | D11: =IF(B11=C11,"Y","N") -> Y | E11: datasheet 2 | F11: =IF(C11=E11,"Y","N") -> N | H11: 9 | I11: mechmodell | J11: =VLOOKUP(I11,'01-Capacitors'!I:J,2,FALSE) -> Empty
B12: datasheet_3 | C12: datasheet_3 | D12: =IF(B12=C12,"Y","N") -> Y | E12: datasheet 3 | F12: =IF(C12=E12,"Y","N") -> N | H12: 10 | I12: parthistory | J12: =VLOOKUP(I12,'01-Capacitors'!I:J,2,FALSE) -> Empty
B13: datasheet_4 | C13: datasheet_4 | D13: =IF(B13=C13,"Y","N") -> Y | E13: datasheet 4 | F13: =IF(C13=E13,"Y","N") -> N | H13: 11 | I13: pcb_footprint_cp | J13: =VLOOKUP(I13,'01-Capacitors'!I:J,2,FALSE) -> Empty
B14: datasheet_5 | C14: datasheet_5 | D14: =IF(B14=C14,"Y","N") -> Y | E14: datasheet 5 | F14: =IF(C14=E14,"Y","N") -> N | H14: 12 | I14: pspicetemp | J14: =VLOOKUP(I14,'01-Capacitors'!I:J,2,FALSE) -> Empty
B15: datasheet_6 | C15: datasheet_6 | D15: =IF(B15=C15,"Y","N") -> Y | E15: datasheet 6 | F15: =IF(C15=E15,"Y","N") -> N | H15: 13 | I15: restrictedsubstances | J15: =VLOOKUP(I15,'01-Capacitors'!I:J,2,FALSE) -> Empty
... B22: height | C22: height | D22: =IF(B22=C22,"Y","N") -> Y | E22: height | F22: =IF(C22=E22,"Y","N") -> Y | H22: 20 | I22: soldertemperatur_wave | J22: =VLOOKUP(I22,'01-Capacitors'!I:J,2,FALSE) -> Empty
B23: id | C23: id | D23: =IF(B23=C23,"Y","N") -> Y | F23: =IF(C23=E23,"Y","N") -> N | G23: Should use "id" for new Table | H23: 21 | I23: thetajb | J23: =VLOOKUP(I23,'01-Capacitors'!I:J,2,FALSE) -> Empty
B24: if_ic | C24: if_ic | D24: =IF(B24=C24,"Y","N") -> Y | E24: if_ic | F24: =IF(C24=E24,"Y","N") -> Y | H24: 22 | I24: thetajc | J24: =VLOOKUP(I24,'01-Capacitors'!I:J,2,FALSE) -> Empty
B25: implementation | C25: implementation | D25: =IF(B25=C25,"Y","N") -> Y | E25: implementation | F25: =IF(C25=E25,"Y","N") -> Y
B26: in_approved_devices | C26: in_approved_devices | D26: =IF(B26=C26,"Y","N") -> Y | E26: in approved devices | F26: =IF(C26=E26,"Y","N") -> N
B27: manufact_1 | C27: manufact_1 | D27: =IF(B27=C27,"Y","N") -> Y | E27: manufact 1 | F27: =IF(C27=E27,"Y","N") -> N
B28: manufact_2 | C28: manufact_2 | D28: =IF(B28=C28,"Y","N") -> Y | E28: manufact 2 | F28: =IF(C28=E28,"Y","N") -> N
B29: manufact_3 | C29: manufact_3 | D29: =IF(B29=C29,"Y","N") -> Y | E29: manufact 3 | F29: =IF(C29=E29,"Y","N") -> N
B30: manufact_4 | C30: manufact_4 | D30: =IF(B30=C30,"Y","N") -> Y | E30: manufact 4 | F30: =IF(C30=E30,"Y","N") -> N
B31: manufact_5 | C31: manufact_5 | D31: =IF(B31=C31,"Y","N") -> Y | E31: manufact 5 | F31: =IF(C31=E31,"Y","N") -> N
B32: manufact_6 | C32: manufact_6 | D32: =IF(B32=C32,"Y","N") -> Y | E32: manufact 6 | F32: =IF(C32=E32,"Y","N") -> N
B33: manufact_7 | C33: manufact_7 | D33: =IF(B33=C33,"Y","N") -> Y | E33: manufact 7 | F33: =IF(C33=E33,"Y","N") -> N
B34: manufact_partnum_1 | C34: manufact_partnum_1 | D34: =IF(B34=C34,"Y","N") -> Y | E34: manufact partnum 1 | F34: =IF(C34=E34,"Y","N") -> N
B35: manufact_partnum_2 | C35: manufact_partnum_2 | D35: =IF(B35=C35,"Y","N") -> Y | E35: manufact partnum 2 | F35: =IF(C35=E35,"Y","N") -> N
B36: manufact_partnum_3 | C36: manufact_partnum_3 | D36: =IF(B36=C36,"Y","N") -> Y | E36: manufact partnum 3 | F36: =IF(C36=E36,"Y","N") -> N
... B71: vrev_vceo | C71: vrev_vceo | D71: =IF(B71=C71,"Y","N") -> Y | E71: vrev_vceo | F71: =IF(C71=E71,"Y","N") -> Y

Sheet 15-Oscillators
A1: DB Name | B1: TABLES_SAPMaxDB | C1: TABLES_PostgreSQLDB | E1: TABLES_AccessDB
A2: Table Name | B2: OSCILLATORS | C2: oscillators_l2u | D2: B=C? | E2: [15-Oscillators] | F2: C=E? | H2: No | I2: AccessDB left | J2: Comment
A3: Field List | B3: ad_alt_footprint | C3: ad_alt_footprint | D3: =IF(B3=C3,"Y","N") -> Y | E3: ad_alt_footprint | F3: =IF(C3=E3,"Y","N") -> Y | H3: 1 | I3: activepartsid | J3: =VLOOKUP(I3,'01-Capacitors'!I:J,2,FALSE) -> Empty
B4: ad_footprint | C4: ad_footprint | D4: =IF(B4=C4,"Y","N") -> Y | E4: ad_footprint | F4: =IF(C4=E4,"Y","N") -> Y | H4: 2 | I4: alt_symbols_cp | J4: =VLOOKUP(I4,'01-Capacitors'!I:J,2,FALSE) -> Empty
B5: ad_symbol | C5: ad_symbol | D5: =IF(B5=C5,"Y","N") -> Y | E5: ad_symbol | F5: =IF(C5=E5,"Y","N") -> Y | H5: 3 | I5: bqr_partnum_mil | J5: =VLOOKUP(I5,'01-Capacitors'!I:J,2,FALSE) -> Empty
B6: aging | C6: aging | D6: =IF(B6=C6,"Y","N") -> Y | E6: aging | F6: =IF(C6=E6,"Y","N") -> Y | H6: 4 | I6: bqr_partnum_sie | J6: =VLOOKUP(I6,'01-Capacitors'!I:J,2,FALSE) -> Empty
B7: alt_symbols | C7: alt_symbols | D7: =IF(B7=C7,"Y","N") -> Y | E7: alt_symbols | F7: =IF(C7=E7,"Y","N") -> Y | H7: 5 | I7: class | J7: =VLOOKUP(I7,'01-Capacitors'!I:J,2,FALSE) -> some with "DISCRETE" value
B8: annualconsumption | C8: annualconsumption | D8: =IF(B8=C8,"Y","N") -> Y | E8: annualconsumption | F8: =IF(C8=E8,"Y","N") -> Y | H8: 6 | I8: compmaterial | J8: =VLOOKUP(I8,'01-Capacitors'!I:J,2,FALSE) -> Empty
B9: approvals_of_part | C9: approvals_of_part | D9: =IF(B9=C9,"Y","N") -> Y | E9: approvals of part | F9: =IF(C9=E9,"Y","N") -> N | H9: 7 | I9: comptype | J9: =VLOOKUP(I9,'01-Capacitors'!I:J,2,FALSE) -> Empty
B10: approvals_required | C10: approvals_required | D10: =IF(B10=C10,"Y","N") -> Y | E10: approvals required | F10: =IF(C10=E10,"Y","N") -> N | H10: 8 | I10: further_information | J10: =VLOOKUP(I10,'01-Capacitors'!I:J,2,FALSE) -> Empty
B11: datasheet_1 | C11: datasheet_1 | D11: =IF(B11=C11,"Y","N") -> Y | E11: datasheet 1 | F11: =IF(C11=E11,"Y","N") -> N | H11: 9 | I11: mechmodell | J11: =VLOOKUP(I11,'01-Capacitors'!I:J,2,FALSE) -> Empty
B12: datasheet_2 | C12: datasheet_2 | D12: =IF(B12=C12,"Y","N") -> Y | E12: datasheet 2 | F12: =IF(C12=E12,"Y","N") -> N | H12: 10 | I12: parthistory | J12: =VLOOKUP(I12,'01-Capacitors'!I:J,2,FALSE) -> Empty
B13: datasheet_3 | C13: datasheet_3 | D13: =IF(B13=C13,"Y","N") -> Y | E13: datasheet 3 | F13: =IF(C13=E13,"Y","N") -> N | H13: 11 | I13: pcb_footprint_cp | J13: =VLOOKUP(I13,'01-Capacitors'!I:J,2,FALSE) -> Empty
B14: datasheet_4 | C14: datasheet_4 | D14: =IF(B14=C14,"Y","N") -> Y | E14: datasheet 4 | F14: =IF(C14=E14,"Y","N") -> N | H14: 12 | I14: pspicetemp | J14: =VLOOKUP(I14,'01-Capacitors'!I:J,2,FALSE) -> Empty
B15: datasheet_5 | C15: datasheet_5 | D15: =IF(B15=C15,"Y","N") -> Y | E15: datasheet 5 | F15: =IF(C15=E15,"Y","N") -> N | H15: 13 | I15: restrictedsubstances | J15: =VLOOKUP(I15,'01-Capacitors'!I:J,2,FALSE) -> Empty
... B24: height | C24: height | D24: =IF(B24=C24,"Y","N") -> Y | E24: height | F24: =IF(C24=E24,"Y","N") -> Y | H24: 22 | I24: thetajc | J24: =VLOOKUP(I24,'01-Capacitors'!I:J,2,FALSE) -> Empty
B25: id | C25: id | D25: =IF(B25=C25,"Y","N") -> Y | F25: =IF(C25=E25,"Y","N") -> N | G25: Should use "id" for new Table
B26: implementation | C26: implementation | D26: =IF(B26=C26,"Y","N") -> Y | E26: implementation | F26: =IF(C26=E26,"Y","N") -> Y
B27: in_approved_devices | C27: in_approved_devices | D27: =IF(B27=C27,"Y","N") -> Y | E27: in approved devices | F27: =IF(C27=E27,"Y","N") -> N
B28: load_capacity | C28: load_capacity | D28: =IF(B28=C28,"Y","N") -> Y | E28: load_capacity | F28: =IF(C28=E28,"Y","N") -> Y
B29: manufact_1 | C29: manufact_1 | D29: =IF(B29=C29,"Y","N") -> Y | E29: manufact 1 | F29: =IF(C29=E29,"Y","N") -> N
B30: manufact_2 | C30: manufact_2 | D30: =IF(B30=C30,"Y","N") -> Y | E30: manufact 2 | F30: =IF(C30=E30,"Y","N") -> N
B31: manufact_3 | C31: manufact_3 | D31: =IF(B31=C31,"Y","N") -> Y | E31: manufact 3 | F31: =IF(C31=E31,"Y","N") -> N
B32: manufact_4 | C32: manufact_4 | D32: =IF(B32=C32,"Y","N") -> Y | E32: manufact 4 | F32: =IF(C32=E32,"Y","N") -> N
B33: manufact_5 | C33: manufact_5 | D33: =IF(B33=C33,"Y","N") -> Y | E33: manufact 5 | F33: =IF(C33=E33,"Y","N") -> N
B34: manufact_6 | C34: manufact_6 | D34: =IF(B34=C34,"Y","N") -> Y | E34: manufact 6 | F34: =IF(C34=E34,"Y","N") -> N
B35: manufact_7 | C35: manufact_7 | D35: =IF(B35=C35,"Y","N") -> Y | E35: manufact 7 | F35: =IF(C35=E35,"Y","N") -> N
B36: manufact_partnum_1 | C36: manufact_partnum_1 | D36: =IF(B36=C36,"Y","N") -> Y | E36: manufact partnum 1 | F36: =IF(C36=E36,"Y","N") -> N
B37: manufact_partnum_2 | C37: manufact_partnum_2 | D37: =IF(B37=C37,"Y","N") -> Y | E37: manufact partnum 2 | F37: =IF(C37=E37,"Y","N") -> N
... B72: value_1 | C72: value_1 | D72: =IF(B72=C72,"Y","N") -> Y | E72: value | F72: =IF(C72=E72,"Y","N") -> N

Sheet 16-Connectors
A1: DB Name | B1: TABLES_SAPMaxDB | C1: TABLES_PostgreSQLDB | E1: TABLES_AccessDB
A2: Table Name | B2: CONNECTORS | C2: connectors_l2u | D2: B=C? | E2: [16-Connectors] | F2: C=E? | H2: No | I2: AccessDB left | J2: Comment
A3: Field List | B3: ad_alt_footprint | C3: ad_alt_footprint | D3: =IF(B3=C3,"Y","N") -> Y | E3: ad_alt_footprint | F3: =IF(C3=E3,"Y","N") -> Y | H3: 1 | I3: activepartsid | J3: =VLOOKUP(I3,'01-Capacitors'!I:J,2,FALSE) -> Empty
B4: ad_footprint | C4: ad_footprint | D4: =IF(B4=C4,"Y","N") -> Y | E4: ad_footprint | F4: =IF(C4=E4,"Y","N") -> Y | H4: 2 | I4: alt_symbols_cp | J4: =VLOOKUP(I4,'01-Capacitors'!I:J,2,FALSE) -> Empty
B5: ad_symbol | C5: ad_symbol | D5: =IF(B5=C5,"Y","N") -> Y | E5: ad_symbol | F5: =IF(C5=E5,"Y","N") -> Y | H5: 3 | I5: bqr_partnum_mil | J5: =VLOOKUP(I5,'01-Capacitors'!I:J,2,FALSE) -> Empty
B6: alt_symbols | C6: alt_symbols | D6: =IF(B6=C6,"Y","N") -> Y | E6: alt_symbols | F6: =IF(C6=E6,"Y","N") -> Y | H6: 4 | I6: bqr_partnum_sie | J6: =VLOOKUP(I6,'01-Capacitors'!I:J,2,FALSE) -> Empty
B7: annualconsumption | C7: annualconsumption | D7: =IF(B7=C7,"Y","N") -> Y | E7: annualconsumption | F7: =IF(C7=E7,"Y","N") -> Y | H7: 5 | I7: class | J7: =VLOOKUP(I7,'01-Capacitors'!I:J,2,FALSE) -> some with "DISCRETE" value
B8: approvals_of_part | C8: approvals_of_part | D8: =IF(B8=C8,"Y","N") -> Y | E8: approvals of part | F8: =IF(C8=E8,"Y","N") -> N | H8: 6 | I8: compmaterial | J8: =VLOOKUP(I8,'01-Capacitors'!I:J,2,FALSE) -> Empty
B9: approvals_required | C9: approvals_required | D9: =IF(B9=C9,"Y","N") -> Y | E9: approvals required | F9: =IF(C9=E9,"Y","N") -> N | H9: 7 | I9: comptype | J9: =VLOOKUP(I9,'01-Capacitors'!I:J,2,FALSE) -> Empty
B10: contactform | C10: contactform | D10: =IF(B10=C10,"Y","N") -> Y | E10: contactform | F10: =IF(C10=E10,"Y","N") -> Y | H10: 8 | I10: further_information | J10: =VLOOKUP(I10,'01-Capacitors'!I:J,2,FALSE) -> Empty
B11: datasheet_1 | C11: datasheet_1 | D11: =IF(B11=C11,"Y","N") -> Y | E11: datasheet 1 | F11: =IF(C11=E11,"Y","N") -> N | H11: 9 | I11: mechmodell | J11: =VLOOKUP(I11,'01-Capacitors'!I:J,2,FALSE) -> Empty
B12: datasheet_2 | C12: datasheet_2 | D12: =IF(B12=C12,"Y","N") -> Y | E12: datasheet 2 | F12: =IF(C12=E12,"Y","N") -> N | H12: 10 | I12: parthistory | J12: =VLOOKUP(I12,'01-Capacitors'!I:J,2,FALSE) -> Empty
B13: datasheet_3 | C13: datasheet_3 | D13: =IF(B13=C13,"Y","N") -> Y | E13: datasheet 3 | F13: =IF(C13=E13,"Y","N") -> N | H13: 11 | I13: pcb_footprint_cp | J13: =VLOOKUP(I13,'01-Capacitors'!I:J,2,FALSE) -> Empty
B14: datasheet_4 | C14: datasheet_4 | D14: =IF(B14=C14,"Y","N") -> Y | E14: datasheet 4 | F14: =IF(C14=E14,"Y","N") -> N | H14: 12 | I14: pspicetemp | J14: =VLOOKUP(I14,'01-Capacitors'!I:J,2,FALSE) -> Empty
B15: datasheet_5 | C15: datasheet_5 | D15: =IF(B15=C15,"Y","N") -> Y | E15: datasheet 5 | F15: =IF(C15=E15,"Y","N") -> N | H15: 13 | I15: restrictedsubstances | J15: =VLOOKUP(I15,'01-Capacitors'!I:J,2,FALSE) -> Empty
... B23: height | C23: height | D23: =IF(B23=C23,"Y","N") -> Y | E23: height | F23: =IF(C23=E23,"Y","N") -> Y | H23: 21 | I23: thetajb | J23: =VLOOKUP(I23,'01-Capacitors'!I:J,2,FALSE) -> Empty
B24: id | C24: id | D24: =IF(B24=C24,"Y","N") -> Y | F24: =IF(C24=E24,"Y","N") -> N | G24: Should use "id" for new Table | H24: 22 | I24: thetajc | J24: =VLOOKUP(I24,'01-Capacitors'!I:J,2,FALSE) -> Empty
B25: implementation | C25: implementation | D25: =IF(B25=C25,"Y","N") -> Y | E25: implementation | F25: =IF(C25=E25,"Y","N") -> Y
B26: in_approved_devices | C26: in_approved_devices | D26: =IF(B26=C26,"Y","N") -> Y | E26: in approved devices | F26: =IF(C26=E26,"Y","N") -> N
B27: manufact_1 | C27: manufact_1 | D27: =IF(B27=C27,"Y","N") -> Y | E27: manufact 1 | F27: =IF(C27=E27,"Y","N") -> N
B28: manufact_2 | C28: manufact_2 | D28: =IF(B28=C28,"Y","N") -> Y | E28: manufact 2 | F28: =IF(C28=E28,"Y","N") -> N
B29: manufact_3 | C29: manufact_3 | D29: =IF(B29=C29,"Y","N") -> Y | E29: manufact 3 | F29: =IF(C29=E29,"Y","N") -> N
B30: manufact_4 | C30: manufact_4 | D30: =IF(B30=C30,"Y","N") -> Y | E30: manufact 4 | F30: =IF(C30=E30,"Y","N") -> N
B31: manufact_5 | C31: manufact_5 | D31: =IF(B31=C31,"Y","N") -> Y | E31: manufact 5 | F31: =IF(C31=E31,"Y","N") -> N
B32: manufact_6 | C32: manufact_6 | D32: =IF(B32=C32,"Y","N") -> Y | E32: manufact 6 | F32: =IF(C32=E32,"Y","N") -> N
B33: manufact_7 | C33: manufact_7 | D33: =IF(B33=C33,"Y","N") -> Y | E33: manufact 7 | F33: =IF(C33=E33,"Y","N") -> N
B34: manufact_partnum_1 | C34: manufact_partnum_1 | D34: =IF(B34=C34,"Y","N") -> Y | E34: manufact partnum 1 | F34: =IF(C34=E34,"Y","N") -> N
B35: manufact_partnum_2 | C35: manufact_partnum_2 | D35: =IF(B35=C35,"Y","N") -> Y | E35: manufact partnum 2 | F35: =IF(C35=E35,"Y","N") -> N
B36: manufact_partnum_3 | C36: manufact_partnum_3 | D36: =IF(B36=C36,"Y","N") -> Y | E36: manufact partnum 3 | F36: =IF(C36=E36,"Y","N") -> N
... B71: value_1 | C71: value_1 | D71: =IF(B71=C71,"Y","N") -> Y | E71: value | F71: =IF(C71=E71,"Y","N") -> N

Sheet 17-Relays
A1: DB Name | B1: TABLES_SAPMaxDB | C1: TABLES_PostgreSQLDB | E1: TABLES_AccessDB
A2: Table Name | B2: RELAYS | C2: relays_l2u | D2: B=C? | E2: [17-Relays] | F2: C=E? | H2: No | I2: AccessDB left | J2: Comment
A3: Field List | B3: ad_alt_footprint | C3: ad_alt_footprint | D3: =IF(B3=C3,"Y","N") -> Y | E3: ad_alt_footprint | F3: =IF(C3=E3,"Y","N") -> Y | H3: 1 | I3: activepartsid | J3: =VLOOKUP(I3,'01-Capacitors'!I:J,2,FALSE) -> Empty
B4: ad_footprint | C4: ad_footprint | D4: =IF(B4=C4,"Y","N") -> Y | E4: ad_footprint | F4: =IF(C4=E4,"Y","N") -> Y | H4: 2 | I4: alt_symbols_cp | J4: =VLOOKUP(I4,'01-Capacitors'!I:J,2,FALSE) -> Empty
B5: ad_symbol | C5: ad_symbol | D5: =IF(B5=C5,"Y","N") -> Y | E5: ad_symbol | F5: =IF(C5=E5,"Y","N") -> Y | H5: 3 | I5: bqr_partnum_mil | J5: =VLOOKUP(I5,'01-Capacitors'!I:J,2,FALSE) -> Empty
B6: alt_symbols | C6: alt_symbols | D6: =IF(B6=C6,"Y","N") -> Y | E6: alt_symbols | F6: =IF(C6=E6,"Y","N") -> Y | H6: 4 | I6: bqr_partnum_sie | J6: =VLOOKUP(I6,'01-Capacitors'!I:J,2,FALSE) -> Empty
B7: annualconsumption | C7: annualconsumption | D7: =IF(B7=C7,"Y","N") -> Y | E7: annualconsumption | F7: =IF(C7=E7,"Y","N") -> Y | H7: 5 | I7: class | J7: =VLOOKUP(I7,'01-Capacitors'!I:J,2,FALSE) -> some with "DISCRETE" value
B8: approvals_of_part | C8: approvals_of_part | D8: =IF(B8=C8,"Y","N") -> Y | E8: approvals of part | F8: =IF(C8=E8,"Y","N") -> N | H8: 6 | I8: compmaterial | J8: =VLOOKUP(I8,'01-Capacitors'!I:J,2,FALSE) -> Empty
B9: approvals_required | C9: approvals_required | D9: =IF(B9=C9,"Y","N") -> Y | E9: approvals required | F9: =IF(C9=E9,"Y","N") -> N | H9: 7 | I9: comptype | J9: =VLOOKUP(I9,'01-Capacitors'!I:J,2,FALSE) -> Empty
B10: contacts | C10: contacts | D10: =IF(B10=C10,"Y","N") -> Y | E10: contacts | F10: =IF(C10=E10,"Y","N") -> Y | H10: 8 | I10: further_information | J10: =VLOOKUP(I10,'01-Capacitors'!I:J,2,FALSE) -> Empty
B11: datasheet_1 | C11: datasheet_1 | D11: =IF(B11=C11,"Y","N") -> Y | E11: datasheet 1 | F11: =IF(C11=E11,"Y","N") -> N | H11: 9 | I11: mechmodell | J11: =VLOOKUP(I11,'01-Capacitors'!I:J,2,FALSE) -> Empty
B12: datasheet_2 | C12: datasheet_2 | D12: =IF(B12=C12,"Y","N") -> Y | E12: datasheet 2 | F12: =IF(C12=E12,"Y","N") -> N | H12: 10 | I12: parthistory | J12: =VLOOKUP(I12,'01-Capacitors'!I:J,2,FALSE) -> Empty
B13: datasheet_3 | C13: datasheet_3 | D13: =IF(B13=C13,"Y","N") -> Y | E13: datasheet 3 | F13: =IF(C13=E13,"Y","N") -> N | H13: 11 | I13: pcb_footprint_cp | J13: =VLOOKUP(I13,'01-Capacitors'!I:J,2,FALSE) -> Empty
B14: datasheet_4 | C14: datasheet_4 | D14: =IF(B14=C14,"Y","N") -> Y | E14: datasheet 4 | F14: =IF(C14=E14,"Y","N") -> N | H14: 12 | I14: pspicetemp | J14: =VLOOKUP(I14,'01-Capacitors'!I:J,2,FALSE) -> Empty
B15: datasheet_5 | C15: datasheet_5 | D15: =IF(B15=C15,"Y","N") -> Y | E15: datasheet 5 | F15: =IF(C15=E15,"Y","N") -> N | H15: 13 | I15: restrictedsubstances | J15: =VLOOKUP(I15,'01-Capacitors'!I:J,2,FALSE) -> Empty
... B23: height | C23: height | D23: =IF(B23=C23,"Y","N") -> Y | E23: height | F23: =IF(C23=E23,"Y","N") -> Y | H23: 21 | I23: thetajb | J23: =VLOOKUP(I23,'01-Capacitors'!I:J,2,FALSE) -> Empty
B24: id | C24: id | D24: =IF(B24=C24,"Y","N") -> Y | F24: =IF(C24=E24,"Y","N") -> N | G24: Should use "id" for new Table | H24: 22 | I24: thetajc | J24: =VLOOKUP(I24,'01-Capacitors'!I:J,2,FALSE) -> Empty
B25: implementation | C25: implementation | D25: =IF(B25=C25,"Y","N") -> Y | E25: implementation | F25: =IF(C25=E25,"Y","N") -> Y
B26: in_approved_devices | C26: in_approved_devices | D26: =IF(B26=C26,"Y","N") -> Y | E26: in approved devices | F26: =IF(C26=E26,"Y","N") -> N
B27: isw | C27: isw | D27: =IF(B27=C27,"Y","N") -> Y | E27: isw | F27: =IF(C27=E27,"Y","N") -> Y
B28: manufact_1 | C28: manufact_1 | D28: =IF(B28=C28,"Y","N") -> Y | E28: manufact 1 | F28: =IF(C28=E28,"Y","N") -> N
B29: manufact_2 | C29: manufact_2 | D29: =IF(B29=C29,"Y","N") -> Y | E29: manufact 2 | F29: =IF(C29=E29,"Y","N") -> N
B30: manufact_3 | C30: manufact_3 | D30: =IF(B30=C30,"Y","N") -> Y | E30: manufact 3 | F30: =IF(C30=E30,"Y","N") -> N
B31: manufact_4 | C31: manufact_4 | D31: =IF(B31=C31,"Y","N") -> Y | E31: manufact 4 | F31: =IF(C31=E31,"Y","N") -> N
B32: manufact_5 | C32: manufact_5 | D32: =IF(B32=C32,"Y","N") -> Y | E32: manufact 5 | F32: =IF(C32=E32,"Y","N") -> N
B33: manufact_6 | C33: manufact_6 | D33: =IF(B33=C33,"Y","N") -> Y | E33: manufact 6 | F33: =IF(C33=E33,"Y","N") -> N
B34: manufact_7 | C34: manufact_7 | D34: =IF(B34=C34,"Y","N") -> Y | E34: manufact 7 | F34: =IF(C34=E34,"Y","N") -> N
B35: manufact_partnum_1 | C35: manufact_partnum_1 | D35: =IF(B35=C35,"Y","N") -> Y | E35: manufact partnum 1 | F35: =IF(C35=E35,"Y","N") -> N
B36: manufact_partnum_2 | C36: manufact_partnum_2 | D36: =IF(B36=C36,"Y","N") -> Y | E36: manufact partnum 2 | F36: =IF(C36=E36,"Y","N") -> N
... B71: vsw | C71: vsw | D71: =IF(B71=C71,"Y","N") -> Y | E71: vsw | F71: =IF(C71=E71,"Y","N") -> Y

Sheet 18-Sensors
A1: DB Name | B1: TABLES_SAPMaxDB | C1: TABLES_PostgreSQLDB | E1: TABLES_AccessDB
A2: Table Name | B2: SENSORS | C2: sensors_l2u | D2: B=C? | E2: [18-Sensors] | F2: C=E? | H2: No | I2: AccessDB left | J2: Comment
A3: Field List | B3: ad_alt_footprint | C3: ad_alt_footprint | D3: =IF(B3=C3,"Y","N") -> Y | E3: ad_alt_footprint | F3: =IF(C3=E3,"Y","N") -> Y | H3: 1 | I3: activepartsid | J3: =VLOOKUP(I3,'01-Capacitors'!I:J,2,FALSE) -> Empty
B4: ad_footprint | C4: ad_footprint | D4: =IF(B4=C4,"Y","N") -> Y | E4: ad_footprint | F4: =IF(C4=E4,"Y","N") -> Y | H4: 2 | I4: alt_symbols_cp | J4: =VLOOKUP(I4,'01-Capacitors'!I:J,2,FALSE) -> Empty
B5: ad_symbol | C5: ad_symbol | D5: =IF(B5=C5,"Y","N") -> Y | E5: ad_symbol | F5: =IF(C5=E5,"Y","N") -> Y | H5: 3 | I5: bqr_partnum_mil | J5: =VLOOKUP(I5,'01-Capacitors'!I:J,2,FALSE) -> Empty
B6: alt_symbols | C6: alt_symbols | D6: =IF(B6=C6,"Y","N") -> Y | E6: alt_symbols | F6: =IF(C6=E6,"Y","N") -> Y | H6: 4 | I6: bqr_partnum_sie | J6: =VLOOKUP(I6,'01-Capacitors'!I:J,2,FALSE) -> Empty
B7: annualconsumption | C7: annualconsumption | D7: =IF(B7=C7,"Y","N") -> Y | E7: annualconsumption | F7: =IF(C7=E7,"Y","N") -> Y | H7: 5 | I7: class | J7: =VLOOKUP(I7,'01-Capacitors'!I:J,2,FALSE) -> some with "DISCRETE" value
B8: approvals_of_part | C8: approvals_of_part | D8: =IF(B8=C8,"Y","N") -> Y | E8: approvals of part | F8: =IF(C8=E8,"Y","N") -> N | H8: 6 | I8: compmaterial | J8: =VLOOKUP(I8,'01-Capacitors'!I:J,2,FALSE) -> Empty
B9: approvals_required | C9: approvals_required | D9: =IF(B9=C9,"Y","N") -> Y | E9: approvals required | F9: =IF(C9=E9,"Y","N") -> N | H9: 7 | I9: comptype | J9: =VLOOKUP(I9,'01-Capacitors'!I:J,2,FALSE) -> Empty
B10: datasheet_1 | C10: datasheet_1 | D10: =IF(B10=C10,"Y","N") -> Y | E10: datasheet 1 | F10: =IF(C10=E10,"Y","N") -> N | H10: 8 | I10: further_information | J10: =VLOOKUP(I10,'01-Capacitors'!I:J,2,FALSE) -> Empty
B11: datasheet_2 | C11: datasheet_2 | D11: =IF(B11=C11,"Y","N") -> Y | E11: datasheet 2 | F11: =IF(C11=E11,"Y","N") -> N | H11: 9 | I11: mechmodell | J11: =VLOOKUP(I11,'01-Capacitors'!I:J,2,FALSE) -> Empty
B12: datasheet_3 | C12: datasheet_3 | D12: =IF(B12=C12,"Y","N") -> Y | E12: datasheet 3 | F12: =IF(C12=E12,"Y","N") -> N | H12: 10 | I12: parthistory | J12: =VLOOKUP(I12,'01-Capacitors'!I:J,2,FALSE) -> Empty
B13: datasheet_4 | C13: datasheet_4 | D13: =IF(B13=C13,"Y","N") -> Y | E13: datasheet 4 | F13: =IF(C13=E13,"Y","N") -> N | H13: 11 | I13: pcb_footprint_cp | J13: =VLOOKUP(I13,'01-Capacitors'!I:J,2,FALSE) -> Empty
B14: datasheet_5 | C14: datasheet_5 | D14: =IF(B14=C14,"Y","N") -> Y | E14: datasheet 5 | F14: =IF(C14=E14,"Y","N") -> N | H14: 12 | I14: pspicetemp | J14: =VLOOKUP(I14,'01-Capacitors'!I:J,2,FALSE) -> Empty
B15: datasheet_6 | C15: datasheet_6 | D15: =IF(B15=C15,"Y","N") -> Y | E15: datasheet 6 | F15: =IF(C15=E15,"Y","N") -> N | H15: 13 | I15: restrictedsubstances | J15: =VLOOKUP(I15,'01-Capacitors'!I:J,2,FALSE) -> Empty
... B22: height | C22: height | D22: =IF(B22=C22,"Y","N") -> Y | E22: height | F22: =IF(C22=E22,"Y","N") -> Y | H22: 20 | I22: soldertemperatur_wave | J22: =VLOOKUP(I22,'01-Capacitors'!I:J,2,FALSE) -> Empty
B23: id | C23: id | D23: =IF(B23=C23,"Y","N") -> Y | F23: =IF(C23=E23,"Y","N") -> N | G23: Should use "id" for new Table | H23: 21 | I23: thetajb | J23: =VLOOKUP(I23,'01-Capacitors'!I:J,2,FALSE) -> Empty
B24: implementation | C24: implementation | D24: =IF(B24=C24,"Y","N") -> Y | E24: implementation | F24: =IF(C24=E24,"Y","N") -> Y | H24: 22 | I24: thetajc | J24: =VLOOKUP(I24,'01-Capacitors'!I:J,2,FALSE) -> Empty
B25: in_approved_devices | C25: in_approved_devices | D25: =IF(B25=C25,"Y","N") -> Y | E25: in approved devices | F25: =IF(C25=E25,"Y","N") -> N
B26: manufact_1 | C26: manufact_1 | D26: =IF(B26=C26,"Y","N") -> Y | E26: manufact 1 | F26: =IF(C26=E26,"Y","N") -> N
B27: manufact_2 | C27: manufact_2 | D27: =IF(B27=C27,"Y","N") -> Y | E27: manufact 2 | F27: =IF(C27=E27,"Y","N") -> N
B28: manufact_3 | C28: manufact_3 | D28: =IF(B28=C28,"Y","N") -> Y | E28: manufact 3 | F28: =IF(C28=E28,"Y","N") -> N
B29: manufact_4 | C29: manufact_4 | D29: =IF(B29=C29,"Y","N") -> Y | E29: manufact 4 | F29: =IF(C29=E29,"Y","N") -> N
B30: manufact_5 | C30: manufact_5 | D30: =IF(B30=C30,"Y","N") -> Y | E30: manufact 5 | F30: =IF(C30=E30,"Y","N") -> N
B31: manufact_6 | C31: manufact_6 | D31: =IF(B31=C31,"Y","N") -> Y | E31: manufact 6 | F31: =IF(C31=E31,"Y","N") -> N
B32: manufact_7 | C32: manufact_7 | D32: =IF(B32=C32,"Y","N") -> Y | E32: manufact 7 | F32: =IF(C32=E32,"Y","N") -> N
B33: manufact_partnum_1 | C33: manufact_partnum_1 | D33: =IF(B33=C33,"Y","N") -> Y | E33: manufact partnum 1 | F33: =IF(C33=E33,"Y","N") -> N
B34: manufact_partnum_2 | C34: manufact_partnum_2 | D34: =IF(B34=C34,"Y","N") -> Y | E34: manufact partnum 2 | F34: =IF(C34=E34,"Y","N") -> N
B35: manufact_partnum_3 | C35: manufact_partnum_3 | D35: =IF(B35=C35,"Y","N") -> Y | E35: manufact partnum 3 | F35: =IF(C35=E35,"Y","N") -> N
B36: manufact_partnum_4 | C36: manufact_partnum_4 | D36: =IF(B36=C36,"Y","N") -> Y | E36: manufact partnum 4 | F36: =IF(C36=E36,"Y","N") -> N
... B67: value_1 | C67: value_1 | D67: =IF(B67=C67,"Y","N") -> Y | E67: value | F67: =IF(C67=E67,"Y","N") -> N

Sheet 19-Switches
A1: DB Name | B1: TABLES_SAPMaxDB | C1: TABLES_PostgreSQLDB | E1: TABLES_AccessDB
A2: Table Name | B2: SWITCHES | C2: switches_l2u | D2: B=C? | E2: [19-Switches] | F2: C=E? | H2: No | I2: AccessDB left | J2: Comment
A3: Field List | B3: ad_alt_footprint | C3: ad_alt_footprint | D3: =IF(B3=C3,"Y","N") -> Y | E3: ad_alt_footprint | F3: =IF(C3=E3,"Y","N") -> Y | H3: 1 | I3: activepartsid | J3: =VLOOKUP(I3,'01-Capacitors'!I:J,2,FALSE) -> Empty
B4: ad_footprint | C4: ad_footprint | D4: =IF(B4=C4,"Y","N") -> Y | E4: ad_footprint | F4: =IF(C4=E4,"Y","N") -> Y | H4: 2 | I4: alt_symbols_cp | J4: =VLOOKUP(I4,'01-Capacitors'!I:J,2,FALSE) -> Empty
B5: ad_symbol | C5: ad_symbol | D5: =IF(B5=C5,"Y","N") -> Y | E5: ad_symbol | F5: =IF(C5=E5,"Y","N") -> Y | H5: 3 | I5: bqr_partnum_mil | J5: =VLOOKUP(I5,'01-Capacitors'!I:J,2,FALSE) -> Empty
B6: alt_symbols | C6: alt_symbols | D6: =IF(B6=C6,"Y","N") -> Y | E6: alt_symbols | F6: =IF(C6=E6,"Y","N") -> Y | H6: 4 | I6: bqr_partnum_sie | J6: =VLOOKUP(I6,'01-Capacitors'!I:J,2,FALSE) -> Empty
B7: annualconsumption | C7: annualconsumption | D7: =IF(B7=C7,"Y","N") -> Y | E7: annualconsumption | F7: =IF(C7=E7,"Y","N") -> Y | H7: 5 | I7: class | J7: =VLOOKUP(I7,'01-Capacitors'!I:J,2,FALSE) -> some with "DISCRETE" value
B8: approvals_of_part | C8: approvals_of_part | D8: =IF(B8=C8,"Y","N") -> Y | E8: approvals of part | F8: =IF(C8=E8,"Y","N") -> N | H8: 6 | I8: compmaterial | J8: =VLOOKUP(I8,'01-Capacitors'!I:J,2,FALSE) -> Empty
B9: approvals_required | C9: approvals_required | D9: =IF(B9=C9,"Y","N") -> Y | E9: approvals required | F9: =IF(C9=E9,"Y","N") -> N | H9: 7 | I9: comptype | J9: =VLOOKUP(I9,'01-Capacitors'!I:J,2,FALSE) -> Empty
B10: datasheet_1 | C10: datasheet_1 | D10: =IF(B10=C10,"Y","N") -> Y | E10: datasheet 1 | F10: =IF(C10=E10,"Y","N") -> N | H10: 8 | I10: further_information | J10: =VLOOKUP(I10,'01-Capacitors'!I:J,2,FALSE) -> Empty
B11: datasheet_2 | C11: datasheet_2 | D11: =IF(B11=C11,"Y","N") -> Y | E11: datasheet 2 | F11: =IF(C11=E11,"Y","N") -> N | H11: 9 | I11: mechmodell | J11: =VLOOKUP(I11,'01-Capacitors'!I:J,2,FALSE) -> Empty
B12: datasheet_3 | C12: datasheet_3 | D12: =IF(B12=C12,"Y","N") -> Y | E12: datasheet 3 | F12: =IF(C12=E12,"Y","N") -> N | H12: 10 | I12: parthistory | J12: =VLOOKUP(I12,'01-Capacitors'!I:J,2,FALSE) -> Empty
B13: datasheet_4 | C13: datasheet_4 | D13: =IF(B13=C13,"Y","N") -> Y | E13: datasheet 4 | F13: =IF(C13=E13,"Y","N") -> N | H13: 11 | I13: pcb_footprint_cp | J13: =VLOOKUP(I13,'01-Capacitors'!I:J,2,FALSE) -> Empty
B14: datasheet_5 | C14: datasheet_5 | D14: =IF(B14=C14,"Y","N") -> Y | E14: datasheet 5 | F14: =IF(C14=E14,"Y","N") -> N | H14: 12 | I14: pspicetemp | J14: =VLOOKUP(I14,'01-Capacitors'!I:J,2,FALSE) -> Empty
B15: datasheet_6 | C15: datasheet_6 | D15: =IF(B15=C15,"Y","N") -> Y | E15: datasheet 6 | F15: =IF(C15=E15,"Y","N") -> N | H15: 13 | I15: restrictedsubstances | J15: =VLOOKUP(I15,'01-Capacitors'!I:J,2,FALSE) -> Empty
... B23: height | C23: height | D23: =IF(B23=C23,"Y","N") -> Y | E23: height | F23: =IF(C23=E23,"Y","N") -> Y | H23: 21 | I23: thetajb | J23: =VLOOKUP(I23,'01-Capacitors'!I:J,2,FALSE) -> Empty
B24: id | C24: id | D24: =IF(B24=C24,"Y","N") -> Y | F24: =IF(C24=E24,"Y","N") -> N | G24: Should use "id" for new Table | H24: 22 | I24: thetajc | J24: =VLOOKUP(I24,'01-Capacitors'!I:J,2,FALSE) -> Empty
B25: implementation | C25: implementation | D25: =IF(B25=C25,"Y","N") -> Y | E25: implementation | F25: =IF(C25=E25,"Y","N") -> Y
B26: in_approved_devices | C26: in_approved_devices | D26: =IF(B26=C26,"Y","N") -> Y | E26: in approved devices | F26: =IF(C26=E26,"Y","N") -> N
B27: manufact_1 | C27: manufact_1 | D27: =IF(B27=C27,"Y","N") -> Y | E27: manufact 1 | F27: =IF(C27=E27,"Y","N") -> N
B28: manufact_2 | C28: manufact_2 | D28: =IF(B28=C28,"Y","N") -> Y | E28: manufact 2 | F28: =IF(C28=E28,"Y","N") -> N
B29: manufact_3 | C29: manufact_3 | D29: =IF(B29=C29,"Y","N") -> Y | E29: manufact 3 | F29: =IF(C29=E29,"Y","N") -> N
B30: manufact_4 | C30: manufact_4 | D30: =IF(B30=C30,"Y","N") -> Y | E30: manufact 4 | F30: =IF(C30=E30,"Y","N") -> N
B31: manufact_5 | C31: manufact_5 | D31: =IF(B31=C31,"Y","N") -> Y | E31: manufact 5 | F31: =IF(C31=E31,"Y","N") -> N
B32: manufact_6 | C32: manufact_6 | D32: =IF(B32=C32,"Y","N") -> Y | E32: manufact 6 | F32: =IF(C32=E32,"Y","N") -> N
B33: manufact_7 | C33: manufact_7 | D33: =IF(B33=C33,"Y","N") -> Y | E33: manufact 7 | F33: =IF(C33=E33,"Y","N") -> N
B34: manufact_partnum_1 | C34: manufact_partnum_1 | D34: =IF(B34=C34,"Y","N") -> Y | E34: manufact partnum 1 | F34: =IF(C34=E34,"Y","N") -> N
B35: manufact_partnum_2 | C35: manufact_partnum_2 | D35: =IF(B35=C35,"Y","N") -> Y | E35: manufact partnum 2 | F35: =IF(C35=E35,"Y","N") -> N
B36: manufact_partnum_3 | C36: manufact_partnum_3 | D36: =IF(B36=C36,"Y","N") -> Y | E36: manufact partnum 3 | F36: =IF(C36=E36,"Y","N") -> N
... B71: value_1 | C71: value_1 | D71: =IF(B71=C71,"Y","N") -> Y | E71: value | F71: =IF(C71=E71,"Y","N") -> N

Sheet 20-MechParts
A1: DB Name | B1: TABLES_SAPMaxDB | C1: TABLES_PostgreSQLDB | E1: TABLES_AccessDB
A2: Table Name | B2: MECHPARTS | C2: mechparts_l2u | D2: B=C? | E2: [20-MechParts] | F2: C=E? | H2: No | I2: AccessDB left | J2: Comment
A3: Field List | B3: ad_alt_footprint | C3: ad_alt_footprint | D3: =IF(B3=C3,"Y","N") -> Y | E3: ad_alt_footprint | F3: =IF(C3=E3,"Y","N") -> Y | H3: 1 | I3: activepartsid | J3: =VLOOKUP(I3,'01-Capacitors'!I:J,2,FALSE) -> Empty
B4: ad_footprint | C4: ad_footprint | D4: =IF(B4=C4,"Y","N") -> Y | E4: ad_footprint | F4: =IF(C4=E4,"Y","N") -> Y | H4: 2 | I4: alt_symbols_cp | J4: =VLOOKUP(I4,'01-Capacitors'!I:J,2,FALSE) -> Empty
B5: ad_symbol | C5: ad_symbol | D5: =IF(B5=C5,"Y","N") -> Y | E5: ad_symbol | F5: =IF(C5=E5,"Y","N") -> Y | H5: 3 | I5: bqr_partnum_mil | J5: =VLOOKUP(I5,'01-Capacitors'!I:J,2,FALSE) -> Empty
B6: alt_symbols | C6: alt_symbols | D6: =IF(B6=C6,"Y","N") -> Y | E6: alt_symbols | F6: =IF(C6=E6,"Y","N") -> Y | H6: 4 | I6: bqr_partnum_sie | J6: =VLOOKUP(I6,'01-Capacitors'!I:J,2,FALSE) -> Empty
B7: annualconsumption | C7: annualconsumption | D7: =IF(B7=C7,"Y","N") -> Y | E7: annualconsumption | F7: =IF(C7=E7,"Y","N") -> Y | H7: 5 | I7: class | J7: =VLOOKUP(I7,'01-Capacitors'!I:J,2,FALSE) -> some with "DISCRETE" value
B8: approvals_of_part | C8: approvals_of_part | D8: =IF(B8=C8,"Y","N") -> Y | E8: approvals of part | F8: =IF(C8=E8,"Y","N") -> N | H8: 6 | I8: compmaterial | J8: =VLOOKUP(I8,'01-Capacitors'!I:J,2,FALSE) -> Empty
B9: approvals_required | C9: approvals_required | D9: =IF(B9=C9,"Y","N") -> Y | E9: approvals required | F9: =IF(C9=E9,"Y","N") -> N | H9: 7 | I9: comptype | J9: =VLOOKUP(I9,'01-Capacitors'!I:J,2,FALSE) -> Empty
B10: datasheet_1 | C10: datasheet_1 | D10: =IF(B10=C10,"Y","N") -> Y | E10: datasheet 1 | F10: =IF(C10=E10,"Y","N") -> N | H10: 8 | I10: further_information | J10: =VLOOKUP(I10,'01-Capacitors'!I:J,2,FALSE) -> Empty
B11: datasheet_2 | C11: datasheet_2 | D11: =IF(B11=C11,"Y","N") -> Y | E11: datasheet 2 | F11: =IF(C11=E11,"Y","N") -> N | H11: 9 | I11: mechmodell | J11: =VLOOKUP(I11,'01-Capacitors'!I:J,2,FALSE) -> Empty
B12: datasheet_3 | C12: datasheet_3 | D12: =IF(B12=C12,"Y","N") -> Y | E12: datasheet 3 | F12: =IF(C12=E12,"Y","N") -> N | H12: 10 | I12: parthistory | J12: =VLOOKUP(I12,'01-Capacitors'!I:J,2,FALSE) -> Empty
B13: datasheet_4 | C13: datasheet_4 | D13: =IF(B13=C13,"Y","N") -> Y | E13: datasheet 4 | F13: =IF(C13=E13,"Y","N") -> N | H13: 11 | I13: pcb_footprint_cp | J13: =VLOOKUP(I13,'01-Capacitors'!I:J,2,FALSE) -> Empty
B14: datasheet_5 | C14: datasheet_5 | D14: =IF(B14=C14,"Y","N") -> Y | E14: datasheet 5 | F14: =IF(C14=E14,"Y","N") -> N | H14: 12 | I14: pspicetemp | J14: =VLOOKUP(I14,'01-Capacitors'!I:J,2,FALSE) -> Empty
B15: datasheet_6 | C15: datasheet_6 | D15: =IF(B15=C15,"Y","N") -> Y | E15: datasheet 6 | F15: =IF(C15=E15,"Y","N") -> N | H15: 13 | I15: restrictedsubstances | J15: =VLOOKUP(I15,'01-Capacitors'!I:J,2,FALSE) -> Empty
... B22: height | C22: height | D22: =IF(B22=C22,"Y","N") -> Y | E22: height | F22: =IF(C22=E22,"Y","N") -> Y | H22: 20 | I22: soldertemperatur_wave | J22: =VLOOKUP(I22,'01-Capacitors'!I:J,2,FALSE) -> Empty
B23: id | C23: id | D23: =IF(B23=C23,"Y","N") -> Y | F23: =IF(C23=E23,"Y","N") -> N | G23: Should use "id" for new Table | H23: 21 | I23: thetajb | J23: =VLOOKUP(I23,'01-Capacitors'!I:J,2,FALSE) -> Empty
B24: implementation | C24: implementation | D24: =IF(B24=C24,"Y","N") -> Y | E24: implementation | F24: =IF(C24=E24,"Y","N") -> Y | H24: 22 | I24: thetajc | J24: =VLOOKUP(I24,'01-Capacitors'!I:J,2,FALSE) -> Empty
B25: in_approved_devices | C25: in_approved_devices | D25: =IF(B25=C25,"Y","N") -> Y | E25: in approved devices | F25: =IF(C25=E25,"Y","N") -> N
B26: manufact_1 | C26: manufact_1 | D26: =IF(B26=C26,"Y","N") -> Y | E26: manufact 1 | F26: =IF(C26=E26,"Y","N") -> N
B27: manufact_2 | C27: manufact_2 | D27: =IF(B27=C27,"Y","N") -> Y | E27: manufact 2 | F27: =IF(C27=E27,"Y","N") -> N
B28: manufact_3 | C28: manufact_3 | D28: =IF(B28=C28,"Y","N") -> Y | E28: manufact 3 | F28: =IF(C28=E28,"Y","N") -> N
B29: manufact_4 | C29: manufact_4 | D29: =IF(B29=C29,"Y","N") -> Y | E29: manufact 4 | F29: =IF(C29=E29,"Y","N") -> N
B30: manufact_5 | C30: manufact_5 | D30: =IF(B30=C30,"Y","N") -> Y | E30: manufact 5 | F30: =IF(C30=E30,"Y","N") -> N
B31: manufact_6 | C31: manufact_6 | D31: =IF(B31=C31,"Y","N") -> Y | E31: manufact 6 | F31: =IF(C31=E31,"Y","N") -> N
B32: manufact_7 | C32: manufact_7 | D32: =IF(B32=C32,"Y","N") -> Y | E32: manufact 7 | F32: =IF(C32=E32,"Y","N") -> N
B33: manufact_partnum_1 | C33: manufact_partnum_1 | D33: =IF(B33=C33,"Y","N") -> Y | E33: manufact partnum 1 | F33: =IF(C33=E33,"Y","N") -> N
B34: manufact_partnum_2 | C34: manufact_partnum_2 | D34: =IF(B34=C34,"Y","N") -> Y | E34: manufact partnum 2 | F34: =IF(C34=E34,"Y","N") -> N
B35: manufact_partnum_3 | C35: manufact_partnum_3 | D35: =IF(B35=C35,"Y","N") -> Y | E35: manufact partnum 3 | F35: =IF(C35=E35,"Y","N") -> N
B36: manufact_partnum_4 | C36: manufact_partnum_4 | D36: =IF(B36=C36,"Y","N") -> Y | E36: manufact partnum 4 | F36: =IF(C36=E36,"Y","N") -> N
... B67: value_1 | C67: value_1 | D67: =IF(B67=C67,"Y","N") -> Y | E67: value | F67: =IF(C67=E67,"Y","N") -> N

Sheet 21-MiscParts
A1: DB Name | B1: TABLES_SAPMaxDB | C1: TABLES_PostgreSQLDB | E1: TABLES_AccessDB
A2: Table Name | B2: MISCPARTS | C2: miscparts_l2u | D2: B=C? | E2: [21-MiscParts] | F2: C=E? | H2: No | I2: AccessDB left | J2: Comment
A3: Field List | B3: ad_alt_footprint | C3: ad_alt_footprint | D3: =IF(B3=C3,"Y","N") -> Y | E3: ad_alt_footprint | F3: =IF(C3=E3,"Y","N") -> Y | H3: 1 | I3: activepartsid | J3: =VLOOKUP(I3,'01-Capacitors'!I:J,2,FALSE) -> Empty
B4: ad_footprint | C4: ad_footprint | D4: =IF(B4=C4,"Y","N") -> Y | E4: ad_footprint | F4: =IF(C4=E4,"Y","N") -> Y | H4: 2 | I4: alt_symbols_cp | J4: =VLOOKUP(I4,'01-Capacitors'!I:J,2,FALSE) -> Empty
B5: ad_symbol | C5: ad_symbol | D5: =IF(B5=C5,"Y","N") -> Y | E5: ad_symbol | F5: =IF(C5=E5,"Y","N") -> Y | H5: 3 | I5: bqr_partnum_mil | J5: =VLOOKUP(I5,'01-Capacitors'!I:J,2,FALSE) -> Empty
B6: alt_symbols | C6: alt_symbols | D6: =IF(B6=C6,"Y","N") -> Y | E6: alt_symbols | F6: =IF(C6=E6,"Y","N") -> Y | H6: 4 | I6: bqr_partnum_sie | J6: =VLOOKUP(I6,'01-Capacitors'!I:J,2,FALSE) -> Empty
B7: annualconsumption | C7: annualconsumption | D7: =IF(B7=C7,"Y","N") -> Y | E7: annualconsumption | F7: =IF(C7=E7,"Y","N") -> Y | H7: 5 | I7: class | J7: =VLOOKUP(I7,'01-Capacitors'!I:J,2,FALSE) -> some with "DISCRETE" value
B8: approvals_of_part | C8: approvals_of_part | D8: =IF(B8=C8,"Y","N") -> Y | E8: approvals of part | F8: =IF(C8=E8,"Y","N") -> N | H8: 6 | I8: compmaterial | J8: =VLOOKUP(I8,'01-Capacitors'!I:J,2,FALSE) -> Empty
B9: approvals_required | C9: approvals_required | D9: =IF(B9=C9,"Y","N") -> Y | E9: approvals required | F9: =IF(C9=E9,"Y","N") -> N | H9: 7 | I9: comptype | J9: =VLOOKUP(I9,'01-Capacitors'!I:J,2,FALSE) -> Empty
B10: datasheet_1 | C10: datasheet_1 | D10: =IF(B10=C10,"Y","N") -> Y | E10: datasheet 1 | F10: =IF(C10=E10,"Y","N") -> N | H10: 8 | I10: further_information | J10: =VLOOKUP(I10,'01-Capacitors'!I:J,2,FALSE) -> Empty
B11: datasheet_2 | C11: datasheet_2 | D11: =IF(B11=C11,"Y","N") -> Y | E11: datasheet 2 | F11: =IF(C11=E11,"Y","N") -> N | H11: 9 | I11: mechmodell | J11: =VLOOKUP(I11,'01-Capacitors'!I:J,2,FALSE) -> Empty
B12: datasheet_3 | C12: datasheet_3 | D12: =IF(B12=C12,"Y","N") -> Y | E12: datasheet 3 | F12: =IF(C12=E12,"Y","N") -> N | H12: 10 | I12: parthistory | J12: =VLOOKUP(I12,'01-Capacitors'!I:J,2,FALSE) -> Empty
B13: datasheet_4 | C13: datasheet_4 | D13: =IF(B13=C13,"Y","N") -> Y | E13: datasheet 4 | F13: =IF(C13=E13,"Y","N") -> N | H13: 11 | I13: pcb_footprint_cp | J13: =VLOOKUP(I13,'01-Capacitors'!I:J,2,FALSE) -> Empty
B14: datasheet_5 | C14: datasheet_5 | D14: =IF(B14=C14,"Y","N") -> Y | E14: datasheet 5 | F14: =IF(C14=E14,"Y","N") -> N | H14: 12 | I14: pspicetemp | J14: =VLOOKUP(I14,'01-Capacitors'!I:J,2,FALSE) -> Empty
B15: datasheet_6 | C15: datasheet_6 | D15: =IF(B15=C15,"Y","N") -> Y | E15: datasheet 6 | F15: =IF(C15=E15,"Y","N") -> N | H15: 13 | I15: restrictedsubstances | J15: =VLOOKUP(I15,'01-Capacitors'!I:J,2,FALSE) -> Empty
... B22: height | C22: height | D22: =IF(B22=C22,"Y","N") -> Y | E22: height | F22: =IF(C22=E22,"Y","N") -> Y | H22: 20 | I22: soldertemperatur_wave | J22: =VLOOKUP(I22,'01-Capacitors'!I:J,2,FALSE) -> Empty
B23: id | C23: id | D23: =IF(B23=C23,"Y","N") -> Y | F23: =IF(C23=E23,"Y","N") -> N | G23: Should use "id" for new Table | H23: 21 | I23: thetajb | J23: =VLOOKUP(I23,'01-Capacitors'!I:J,2,FALSE) -> Empty
B24: implementation | C24: implementation | D24: =IF(B24=C24,"Y","N") -> Y | E24: implementation | F24: =IF(C24=E24,"Y","N") -> Y | H24: 22 | I24: thetajc | J24: =VLOOKUP(I24,'01-Capacitors'!I:J,2,FALSE) -> Empty
B25: in_approved_devices | C25: in_approved_devices | D25: =IF(B25=C25,"Y","N") -> Y | E25: in approved devices | F25: =IF(C25=E25,"Y","N") -> N
B26: manufact_1 | C26: manufact_1 | D26: =IF(B26=C26,"Y","N") -> Y | E26: manufact 1 | F26: =IF(C26=E26,"Y","N") -> N
B27: manufact_2 | C27: manufact_2 | D27: =IF(B27=C27,"Y","N") -> Y | E27: manufact 2 | F27: =IF(C27=E27,"Y","N") -> N
B28: manufact_3 | C28: manufact_3 | D28: =IF(B28=C28,"Y","N") -> Y | E28: manufact 3 | F28: =IF(C28=E28,"Y","N") -> N
B29: manufact_4 | C29: manufact_4 | D29: =IF(B29=C29,"Y","N") -> Y | E29: manufact 4 | F29: =IF(C29=E29,"Y","N") -> N
B30: manufact_5 | C30: manufact_5 | D30: =IF(B30=C30,"Y","N") -> Y | E30: manufact 5 | F30: =IF(C30=E30,"Y","N") -> N
B31: manufact_6 | C31: manufact_6 | D31: =IF(B31=C31,"Y","N") -> Y | E31: manufact 6 | F31: =IF(C31=E31,"Y","N") -> N
B32: manufact_7 | C32: manufact_7 | D32: =IF(B32=C32,"Y","N") -> Y | E32: manufact 7 | F32: =IF(C32=E32,"Y","N") -> N
B33: manufact_partnum_1 | C33: manufact_partnum_1 | D33: =IF(B33=C33,"Y","N") -> Y | E33: manufact partnum 1 | F33: =IF(C33=E33,"Y","N") -> N
B34: manufact_partnum_2 | C34: manufact_partnum_2 | D34: =IF(B34=C34,"Y","N") -> Y | E34: manufact partnum 2 | F34: =IF(C34=E34,"Y","N") -> N
B35: manufact_partnum_3 | C35: manufact_partnum_3 | D35: =IF(B35=C35,"Y","N") -> Y | E35: manufact partnum 3 | F35: =IF(C35=E35,"Y","N") -> N
B36: manufact_partnum_4 | C36: manufact_partnum_4 | D36: =IF(B36=C36,"Y","N") -> Y | E36: manufact partnum 4 | F36: =IF(C36=E36,"Y","N") -> N
... B67: value_1 | C67: value_1 | D67: =IF(B67=C67,"Y","N") -> Y | E67: value | F67: =IF(C67=E67,"Y","N") -> N

Sheet 23-PCB
A1: DB Name | B1: TABLES_SAPMaxDB | C1: TABLES_PostgreSQLDB | E1: TABLES_AccessDB
A2: Table Name | B2: PCB | C2: pcb_l2u | D2: B=C? | E2: [23-PCB] | F2: C=E? | H2: No | I2: AccessDB left | J2: Comment
A3: Field List | B3: basematerial | C3: basematerial | D3: =IF(B3=C3,"Y","N") -> Y | E3: basematerial | F3: =IF(C3=E3,"Y","N") -> Y | H3: 1 | J3: =VLOOKUP(E3,'01-Capacitors'!I:J,2,FALSE) -> #N/A
B4: basematerial_thickness | C4: basematerial_thickness | D4: =IF(B4=C4,"Y","N") -> Y | E4: basematerial_thickness | F4: =IF(C4=E4,"Y","N") -> Y | H4: 2
B5: docversion | C5: docversion | D5: =IF(B5=C5,"Y","N") -> Y | E5: docversion | F5: =IF(C5=E5,"Y","N") -> Y | H5: 3
B6: editor | C6: editor | D6: =IF(B6=C6,"Y","N") -> Y | E6: editor | F6: =IF(C6=E6,"Y","N") -> Y | H6: 4
B7: final_copper | C7: final_copper | D7: =IF(B7=C7,"Y","N") -> Y | E7: final_copper | F7: =IF(C7=E7,"Y","N") -> Y | H7: 5
B8: id | C8: id | D8: =IF(B8=C8,"Y","N") -> Y | F8: =IF(C8=E8,"Y","N") -> N | G8: Should use "id" for new Table | H8: 6
B9: implementation | C9: implementation | D9: =IF(B9=C9,"Y","N") -> Y | F9: =IF(C9=E9,"Y","N") -> N | G9: Should copy to AccessDB | H9: 7
B10: partnumber | C10: partnumber | D10: =IF(B10=C10,"Y","N") -> Y | E10: partnumber | F10: =IF(C10=E10,"Y","N") -> Y | H10: 8
B11: parttype | C11: parttype | D11: =IF(B11=C11,"Y","N") -> Y | E11: parttype | F11: =IF(C11=E11,"Y","N") -> Y | H11: 9
B12: pcb_footprint | C12: pcb_footprint | D12: =IF(B12=C12,"Y","N") -> Y | E12: pcb_footprint | F12: =IF(C12=E12,"Y","N") -> Y | H12: 10
B13: primuseinehg | C13: primuseinehg | D13: =IF(B13=C13,"Y","N") -> Y | E13: primuseinehg | F13: =IF(C13=E13,"Y","N") -> Y | H13: 11
B14: sap_description | C14: sap_description | D14: =IF(B14=C14,"Y","N") -> Y | E14: sap_description | F14: =IF(C14=E14,"Y","N") -> Y | H14: 12
B15: sap_number | C15: sap_number | D15: =IF(B15=C15,"Y","N") -> Y | E15: sap_number | F15: =IF(C15=E15,"Y","N") -> Y | H15: 13
B16: scm_symbol | C16: scm_symbol | D16: =IF(B16=C16,"Y","N") -> Y | E16: scm_symbol | F16: =IF(C16=E16,"Y","N") -> Y | H16: 14
B17: status | C17: status | D17: =IF(B17=C17,"Y","N") -> Y | E17: status | F17: =IF(C17=E17,"Y","N") -> Y | H17: 15
B18: techdescription | C18: techdescription | D18: =IF(B18=C18,"Y","N") -> Y | E18: techdescription | F18: =IF(C18=E18,"Y","N") -> Y | H18: 16
B19: value_1 | C19: value_1 | D19: =IF(B19=C19,"Y","N") -> Y | E19: value | F19: =IF(C19=E19,"Y","N") -> N | H19: 17

Sheet 24-Software
A1: DB Name | B1: TABLES_SAPMaxDB | C1: TABLES_PostgreSQLDB | E1: TABLES_AccessDB
A2: Table Name | B2: SOFTWARE | C2: software_l2u | D2: B=C? | E2: [24-Software] | F2: C=E? | H2: No | I2: AccessDB left | J2: Comment
A3: Field List | B3: docversion | C3: docversion | D3: =IF(B3=C3,"Y","N") -> Y | E3: docversion | F3: =IF(C3=E3,"Y","N") -> Y | H3: 1 | J3: =VLOOKUP(E3,'01-Capacitors'!I:J,2,FALSE) -> #N/A
B4: editor | C4: editor | D4: =IF(B4=C4,"Y","N") -> Y | E4: editor | F4: =IF(C4=E4,"Y","N") -> Y | H4: 2
B5: id | C5: id | D5: =IF(B5=C5,"Y","N") -> Y | F5: =IF(C5=E5,"Y","N") -> N | G5: Should use "id" for new Table | H5: 3
B6: implementation | C6: implementation | D6: =IF(B6=C6,"Y","N") -> Y | F6: =IF(C6=E6,"Y","N") -> N | G6: Should copy to AccessDB | H6: 4
B7: partnumber | C7: partnumber | D7: =IF(B7=C7,"Y","N") -> Y | E7: partnumber | F7: =IF(C7=E7,"Y","N") -> Y | H7: 5
B8: parttype | C8: parttype | D8: =IF(B8=C8,"Y","N") -> Y | E8: parttype | F8: =IF(C8=E8,"Y","N") -> Y | H8: 6
B9: pcb_footprint | C9: pcb_footprint | D9: =IF(B9=C9,"Y","N") -> Y | E9: pcb_footprint | F9: =IF(C9=E9,"Y","N") -> Y | H9: 7
B10: primuseinehg | C10: primuseinehg | D10: =IF(B10=C10,"Y","N") -> Y | E10: primuseinehg | F10: =IF(C10=E10,"Y","N") -> Y | H10: 8
B11: sap_description | C11: sap_description | D11: =IF(B11=C11,"Y","N") -> Y | E11: sap_description | F11: =IF(C11=E11,"Y","N") -> Y | H11: 9
B12: sap_number | C12: sap_number | D12: =IF(B12=C12,"Y","N") -> Y | E12: sap_number | F12: =IF(C12=E12,"Y","N") -> Y | H12: 10
B13: scm_symbol | C13: scm_symbol | D13: =IF(B13=C13,"Y","N") -> Y | E13: scm_symbol | F13: =IF(C13=E13,"Y","N") -> Y | H13: 11
B14: status | C14: status | D14: =IF(B14=C14,"Y","N") -> Y | E14: status | F14: =IF(C14=E14,"Y","N") -> Y | H14: 12
B15: techdescription | C15: techdescription | D15: =IF(B15=C15,"Y","N") -> Y | E15: techdescription | F15: =IF(C15=E15,"Y","N") -> Y | H15: 13
B16: value_1 | C16: value_1 | D16: =IF(B16=C16,"Y","N") -> Y | E16: value | F16: =IF(C16=E16,"Y","N") -> N | H16: 14

Sheet 90-Titleblock
A1: DB Name | B1: TABLES_SAPMaxDB | C1: TABLES_PostgreSQLDB | E1: TABLES_AccessDB
A2: Table Name | B2: TITLEBLOCK | C2: titleblock_l2u | D2: B=C? | E2: [90-Titleblock] | F2: C=E? | H2: No | I2: AccessDB left | J2: Comment
A3: Field List | B3: abt | C3: abt | D3: =IF(B3=C3,"Y","N") -> Y | E3: abt | F3: =IF(C3=E3,"Y","N") -> Y | H3: 1 | I3: geprueft | J3: =VLOOKUP(I3,'01-Capacitors'!I:J,2,FALSE) -> #N/A
B4: aend_date_1 | C4: aend_date_1 | D4: =IF(B4=C4,"Y","N") -> Y | E4: aend_date_1 | F4: =IF(C4=E4,"Y","N") -> Y | H4: 2 | I4: manufact 1 | J4: =VLOOKUP(I4,'01-Capacitors'!I:J,2,FALSE) -> #N/A
B5: aend_date_2 | C5: aend_date_2 | D5: =IF(B5=C5,"Y","N") -> Y | E5: aend_date_2 | F5: =IF(C5=E5,"Y","N") -> Y | H5: 3 | I5: manufact partnum 1 | J5: =VLOOKUP(I5,'01-Capacitors'!I:J,2,FALSE) -> #N/A
B6: aend_date_3 | C6: aend_date_3 | D6: =IF(B6=C6,"Y","N") -> Y | E6: aend_date_3 | F6: =IF(C6=E6,"Y","N") -> Y | H6: 4 | I6: package_housing | J6: =VLOOKUP(I6,'01-Capacitors'!I:J,2,FALSE) -> #N/A
B7: aend_date_4 | C7: aend_date_4 | D7: =IF(B7=C7,"Y","N") -> Y | E7: aend_date_4 | F7: =IF(C7=E7,"Y","N") -> Y | H7: 5
B8: aend_date_5 | C8: aend_date_5 | D8: =IF(B8=C8,"Y","N") -> Y | E8: aend_date_5 | F8: =IF(C8=E8,"Y","N") -> Y | H8: 6
B9: aend_index_1 | C9: aend_index_1 | D9: =IF(B9=C9,"Y","N") -> Y | E9: aend_index_1 | F9: =IF(C9=E9,"Y","N") -> Y | H9: 7
B10: aend_index_2 | C10: aend_index_2 | D10: =IF(B10=C10,"Y","N") -> Y | E10: aend_index_2 | F10: =IF(C10=E10,"Y","N") -> Y | H10: 8
B11: aend_index_3 | C11: aend_index_3 | D11: =IF(B11=C11,"Y","N") -> Y | E11: aend_index_3 | F11: =IF(C11=E11,"Y","N") -> Y | H11: 9
B12: aend_index_4 | C12: aend_index_4 | D12: =IF(B12=C12,"Y","N") -> Y | E12: aend_index_4 | F12: =IF(C12=E12,"Y","N") -> Y | H12: 10
B13: aend_index_5 | C13: aend_index_5 | D13: =IF(B13=C13,"Y","N") -> Y | E13: aend_index_5 | F13: =IF(C13=E13,"Y","N") -> Y | H13: 11
B14: aend_text_1 | C14: aend_text_1 | D14: =IF(B14=C14,"Y","N") -> Y | E14: aend_text_1 | F14: =IF(C14=E14,"Y","N") -> Y | H14: 12
B15: aend_text_2 | C15: aend_text_2 | D15: =IF(B15=C15,"Y","N") -> Y | E15: aend_text_2 | F15: =IF(C15=E15,"Y","N") -> Y | H15: 13
B16: aend_text_3 | C16: aend_text_3 | D16: =IF(B16=C16,"Y","N") -> Y | E16: aend_text_3 | F16: =IF(C16=E16,"Y","N") -> Y | H16: 14
B17: aend_text_4 | C17: aend_text_4 | D17: =IF(B17=C17,"Y","N") -> Y | E17: aend_text_4 | F17: =IF(C17=E17,"Y","N") -> Y | H17: 15
B18: aend_text_5 | C18: aend_text_5 | D18: =IF(B18=C18,"Y","N") -> Y | E18: aend_text_5 | F18: =IF(C18=E18,"Y","N") -> Y | H18: 16
... B24: editor | C24: editor | D24: =IF(B24=C24,"Y","N") -> Y | E24: ecn_number | F24: =IF(C24=E24,"Y","N") -> N | H24: 22
B25: ersatz_fuer | C25: ersatz_fuer | D25: =IF(B25=C25,"Y","N") -> Y | E25: editor | F25: =IF(C25=E25,"Y","N") -> N
B26: format | C26: format | D26: =IF(B26=C26,"Y","N") -> Y | E26: ersatz_fuer | F26: =IF(C26=E26,"Y","N") -> N
B27: freigeg | C27: freigeg | D27: =IF(B27=C27,"Y","N") -> Y | E27: format | F27: =IF(C27=E27,"Y","N") -> N
B28: geprueft | C28: geprueft | D28: =IF(B28=C28,"Y","N") -> Y | E28: freigeg | F28: =IF(C28=E28,"Y","N") -> N
B29: id | C29: id | D29: =IF(B29=C29,"Y","N") -> Y | F29: =IF(C29=E29,"Y","N") -> N | G29: Should use "id" for new Table
B30: implementation | C30: implementation | D30: =IF(B30=C30,"Y","N") -> Y | F30: =IF(C30=E30,"Y","N") -> N | G30: Should copy to AccessDB
B31: language | C31: language | D31: =IF(B31=C31,"Y","N") -> Y | E31: language | F31: =IF(C31=E31,"Y","N") -> Y
B32: partname | C32: partname | D32: =IF(B32=C32,"Y","N") -> Y | E32: partname | F32: =IF(C32=E32,"Y","N") -> Y
B33: partnumber | C33: partnumber | D33: =IF(B33=C33,"Y","N") -> Y | E33: partnumber | F33: =IF(C33=E33,"Y","N") -> Y
B34: parttype | C34: parttype | D34: =IF(B34=C34,"Y","N") -> Y | E34: parttype | F34: =IF(C34=E34,"Y","N") -> Y
B35: pcb_footprint | C35: pcb_footprint | D35: =IF(B35=C35,"Y","N") -> Y | E35: pcb_footprint | F35: =IF(C35=E35,"Y","N") -> Y
B36: pru | C36: pru | D36: =IF(B36=C36,"Y","N") -> Y | E36: pru | F36: =IF(C36=E36,"Y","N") -> Y
B37: revision | C37: revision | D37: =IF(B37=C37,"Y","N") -> Y | E37: revision | F37: =IF(C37=E37,"Y","N") -> Y
B38: sap_description | C38: sap_description | D38: =IF(B38=C38,"Y","N") -> Y | E38: sap_description | F38: =IF(C38=E38,"Y","N") -> Y
B39: sap_number | C39: sap_number | D39: =IF(B39=C39,"Y","N") -> Y | E39: sap_number | F39: =IF(C39=E39,"Y","N") -> Y
B40: scm_symbol | C40: scm_symbol | D40: =IF(B40=C40,"Y","N") -> Y | E40: scm_symbol | F40: =IF(C40=E40,"Y","N") -> Y
B41: status | C41: status | D41: =IF(B41=C41,"Y","N") -> Y | E41: status | F41: =IF(C41=E41,"Y","N") -> Y
B42: tbk_sap_number | C42: tbk_sap_number | D42: =IF(B42=C42,"Y","N") -> Y | E42: tbk_sap_number | F42: =IF(C42=E42,"Y","N") -> Y
... B45: value_1 | C45: value_1 | D45: =IF(B45=C45,"Y","N") -> Y | E45: value | F45: =IF(C45=E45,"Y","N") -> N

Sheet 98-Shapes
A1: DB Name | B1: TABLES_SAPMaxDB | C1: TABLES_PostgreSQLDB | E1: TABLES_AccessDB
A2: Table Name | B2: SHAPES | C2: shapes_l2u | D2: B=C? | E2: [98-Shapes] | F2: C=E? | H2: No | I2: AccessDB left | J2: Comment
A3: Field List | B3: ad_alt_footprint | C3: ad_alt_footprint | D3: =IF(B3=C3,"Y","N") -> Y | E3: ad_alt_footprint | F3: =IF(C3=E3,"Y","N") -> Y | H3: 1 | I3: alt_symbols_cp | J3: =VLOOKUP(I3,'01-Capacitors'!I:J,2,FALSE) -> Empty
B4: ad_footprint | C4: ad_footprint | D4: =IF(B4=C4,"Y","N") -> Y | E4: ad_footprint | F4: =IF(C4=E4,"Y","N") -> Y | H4: 2 | I4: package_housing | J4: =VLOOKUP(I4,'01-Capacitors'!I:J,2,FALSE) -> #N/A
B5: ad_symbol | C5: ad_symbol | D5: =IF(B5=C5,"Y","N") -> Y | E5: ad_symbol | F5: =IF(C5=E5,"Y","N") -> Y | H5: 3 | I5: pcb_footprint_cp | J5: =VLOOKUP(I5,'01-Capacitors'!I:J,2,FALSE) -> Empty
B6: alt_symbols | C6: alt_symbols | D6: =IF(B6=C6,"Y","N") -> Y | E6: alt_symbols | F6: =IF(C6=E6,"Y","N") -> Y | H6: 4 | I6: series | J6: =VLOOKUP(I6,'01-Capacitors'!I:J,2,FALSE) -> Empty
B7: datasheet_1 | C7: datasheet_1 | D7: =IF(B7=C7,"Y","N") -> Y | F7: =IF(C7=E7,"Y","N") -> N | G7: Should copy to AccessDB | H7: 5 | I7: us_technology | J7: =VLOOKUP(I7,'01-Capacitors'!I:J,2,FALSE) -> #N/A
B8: editor | C8: editor | D8: =IF(B8=C8,"Y","N") -> Y | E8: editor | F8: =IF(C8=E8,"Y","N") -> Y
B9: id | C9: id | D9: =IF(B9=C9,"Y","N") -> Y | F9: =IF(C9=E9,"Y","N") -> N | G9: Should use "id" for new Table
B10: implementation | C10: implementation | D10: =IF(B10=C10,"Y","N") -> Y | F10: =IF(C10=E10,"Y","N") -> N | G10: Should copy to AccessDB
B11: manufact_1 | C11: manufact_1 | D11: =IF(B11=C11,"Y","N") -> Y | F11: =IF(C11=E11,"Y","N") -> N | G11: Should copy to AccessDB
B12: manufact_partnum_1 | C12: manufact_partnum_1 | D12: =IF(B12=C12,"Y","N") -> Y | F12: =IF(C12=E12,"Y","N") -> N | G12: Should copy to AccessDB
B13: partnumber | C13: partnumber | D13: =IF(B13=C13,"Y","N") -> Y | E13: partnumber | F13: =IF(C13=E13,"Y","N") -> Y
B14: parttype | C14: parttype | D14: =IF(B14=C14,"Y","N") -> Y | E14: parttype | F14: =IF(C14=E14,"Y","N") -> Y
B15: pcb_footprint | C15: pcb_footprint | D15: =IF(B15=C15,"Y","N") -> Y | E15: pcb_footprint | F15: =IF(C15=E15,"Y","N") -> Y
B16: sap_description | C16: sap_description | D16: =IF(B16=C16,"Y","N") -> Y | E16: sap_description | F16: =IF(C16=E16,"Y","N") -> Y
B17: sap_number | C17: sap_number | D17: =IF(B17=C17,"Y","N") -> Y | E17: sap_number | F17: =IF(C17=E17,"Y","N") -> Y
B18: scm_symbol | C18: scm_symbol | D18: =IF(B18=C18,"Y","N") -> Y | E18: scm_symbol | F18: =IF(C18=E18,"Y","N") -> Y
B19: status | C19: status | D19: =IF(B19=C19,"Y","N") -> Y | E19: status | F19: =IF(C19=E19,"Y","N") -> Y
B20: value_1 | C20: value_1 | D20: =IF(B20=C20,"Y","N") -> Y | E20: value | F20: =IF(C20=E20,"Y","N") -> N
D21: =IF(B21=C21,"Y","N") -> Y
D22: =IF(B22=C22,"Y","N") -> Y
D23: =IF(B23=C23,"Y","N") -> Y
D24: =IF(B24=C24,"Y","N") -> Y
D25: =IF(B25=C25,"Y","N") -> Y
D26: =IF(B26=C26,"Y","N") -> Y
D27: =IF(B27=C27,"Y","N") -> Y
D28: =IF(B28=C28,"Y","N") -> Y
D29: =IF(B29=C29,"Y","N") -> Y
D30: =IF(B30=C30,"Y","N") -> Y
D31: =IF(B31=C31,"Y","N") -> Y
D32: =IF(B32=C32,"Y","N") -> Y
... D92: =IF(B92=C92,"Y","N") -> Y
